insect_sp,n,insect_order,cpf,social,nest_location,larval_diet,insect_guild,native,notes
Apis mellifera,4171,Hymenoptera,cpf_yes,social_yes,above,pollenivore,apidae,non-native,
Bombus mixtus,2731,Hymenoptera,cpf_yes,social_yes,both,pollenivore,apidae,native,
Bombus flavifrons,1365,Hymenoptera,cpf_yes,social_yes,below,pollenivore,apidae,native,
Bombus vosnesenskii,1252,Hymenoptera,cpf_yes,social_yes,below,pollenivore,apidae,native,
Bombus melanopygus,1184,Hymenoptera,cpf_yes,social_yes,both,pollenivore,apidae,native,
Bombus bifarius,1123,Hymenoptera,cpf_yes,social_yes,both,pollenivore,apidae,native,
Lasioglossum olympiae,1073,Hymenoptera,cpf_yes,social_no,below,pollenivore,halictidae,native,
Lasioglossum villosulum,987,Hymenoptera,cpf_yes,TDB,below,pollenivore,halictidae,native,
Andrena angustitarsata,729,Hymenoptera,cpf_yes,social_no,below,pollenivore,andrenidae,native,
Ceratina acantha,676,Hymenoptera,cpf_yes,social_no,above,pollenivore,apidae,native,
Osmia lignaria,580,Hymenoptera,cpf_yes,social_no,above,pollenivore,megachilidae,native,
Halictus rubicundus,574,Hymenoptera,cpf_yes,social_yes,below,pollenivore,halictidae,native,
Volucella bombylans,570,Diptera,cpf_no,social_no,above,detritivore,syrphidae,,
Bombylius major,551,Diptera,cpf_no,social_no,below,parasite,bombyliidae,native,
Bombus californicus,485,Hymenoptera,cpf_yes,social_yes,both,pollenivore,apidae,native,
Andrena nigrocaerulea,415,Hymenoptera,cpf_yes,social_no,below,pollenivore,andrenidae,native,
Lasioglossum zonulum,394,Hymenoptera,cpf_yes,social_no,below,pollenivore,halictidae,non-native,
Halictus confusus,292,Hymenoptera,cpf_yes,social_yes,below,pollenivore,halictidae,native,
Andrena salicifloris,277,Hymenoptera,cpf_yes,social_no,below,pollenivore,andrenidae,,
Empididae,275,Diptera,cpf_no,social_no,various,various,otherfly,native,
Lasioglossum titusi,274,Hymenoptera,cpf_yes,social_no,below,pollenivore,halictidae,,
Lasioglossum knereri,241,Hymenoptera,cpf_yes,social_yes,below,pollenivore,halictidae,,
Andrena saccata,231,Hymenoptera,cpf_yes,social_no,below,pollenivore,andrenidae,,
Merodon equestris,227,Diptera,cpf_no,social_no,above,herbivore,syrphidae,,
Toxomerus occidentalis,222,Diptera,cpf_no,social_no,above,predator,syrphidae,,
Sphaerophoria sulphuripes,205,Diptera,cpf_no,social_no,above,predator,syrphidae,,
Toxomerus marginatus,201,Diptera,cpf_no,social_no,above,predator,syrphidae,,
Lasioglossum cressonii,198,Hymenoptera,cpf_yes,social_yes,below,pollenivore,halictidae,,
Lasioglossum incompletum,183,Hymenoptera,cpf_yes,social_yes,below,pollenivore,halictidae,,
Lasioglossum sp. 6,180,Hymenoptera,cpf_yes,unknown,below,pollenivore,halictidae,,
Lasioglossum pacatum,176,Hymenoptera,cpf_yes,TDB,below,pollenivore,halictidae,,
Eristalis hirtus,176,Diptera,cpf_no,social_no,aquatic,detritivore,syrphidae,,
Andrena auricoma,173,Hymenoptera,cpf_yes,social_no,below,pollenivore,andrenidae,,
Anthidium manicatum,165,Hymenoptera,cpf_yes,social_no,below,pollenivore,andrenidae,,
Anthomyiidae sp.,165,Diptera,cpf_no,social_no,above,various,otherfly,,
Muscoidea,156,Diptera,cpf_no,social_no,above,detritivore,otherfly,,
Melanostoma mellinum,156,Diptera,cpf_no,social_no,above,predator,syrphidae,,
Halictus ligatus,155,Hymenoptera,cpf_yes,social_yes,below,pollenivore,halictidae,,
Lasioglossum sp. 1,148,Hymenoptera,cpf_yes,unknown,below,pollenivore,halictidae,,
Agapostemon texanus,147,Hymenoptera,cpf_yes,social_no,below,pollenivore,halictidae,,
Adela septentrionella,142,Lepidoptera,cpf_no,social_no,above,herbivore,lepidoptera,,
Eupeodes latifasciatus,139,Diptera,cpf_no,social_no,above,predator,syrphidae,,
Platycheirus stegnus,137,Diptera,cpf_no,social_no,above,predator,syrphidae,,
Lasioglossum pacificum,135,Hymenoptera,cpf_yes,social_no,below,pollenivore,halictidae,,
Halictus tripartitus,126,Hymenoptera,cpf_yes,social_yes,below,pollenivore,halictidae,,
Cortodera subpilosa,125,Coleoptera,cpf_no,social_no,below,herbivore,coleoptera,,
Osmia odontogaster,125,Hymenoptera,cpf_yes,social_no,above,pollenivore,megachilidae,,
Osmia dolerosa,121,Hymenoptera,cpf_yes,social_no,above,pollenivore,megachilidae,,
Bombus centralis,118,Hymenoptera,cpf_yes,social_yes,both,pollenivore,apidae,,
Tachinidae,117,Diptera,cpf_no,social_no,above,parasite,otherfly,,
Bruchidae sp.,113,Coleoptera,cpf_no,social_no,above,herbivore,coleoptera,,deprecated
Andrena caerulea,112,Hymenoptera,cpf_yes,social_no,below,pollenivore,andrenidae,,
Lasioglossum nevadense,112,Hymenoptera,cpf_yes,social_yes,below,pollenivore,halictidae,,
Lasioglossum sp.,110,Hymenoptera,cpf_yes,unknown,below,pollenivore,halictidae,,
Osmia pusilla,110,Hymenoptera,cpf_yes,social_no,above,pollenivore,megachilidae,,
Andrena microchlora,109,Hymenoptera,cpf_yes,social_no,below,pollenivore,andrenidae,,
Bombus impatiens,109,Hymenoptera,cpf_yes,social_yes,below,pollenivore,apidae,,
Lasioglossum laevissimum,109,Hymenoptera,cpf_yes,social_yes,below,pollenivore,halictidae,,
Osmia coloradensis,109,Hymenoptera,cpf_yes,social_no,above,pollenivore,megachilidae,,
Buprestidae sp. 1,104,Coleoptera,cpf_no,social_no,both,herbivore,coleoptera,,
Eristalis arbustorum,103,Diptera,cpf_no,social_no,aquatic,detritivore,syrphidae,,
Diptera,102,Diptera,cpf_no,social_no,various,various,otherhym,,
Lasioglossum sp. 3,100,Hymenoptera,cpf_yes,unknown,below,pollenivore,halictidae,,
Cortodera sp.,99,Coleoptera,cpf_no,social_no,below,herbivore,coleoptera,,
Andrena nivalis,98,Hymenoptera,cpf_yes,social_no,below,pollenivore,andrenidae,,
Conophorus columbiensis,96,Diptera,cpf_no,social_no,below,detritivore,bombyliidae,,
Rhamphomyia sp. 1,96,Diptera,cpf_no,social_no,above,predator,otherfly,,
Ceratina nanula,92,Hymenoptera,cpf_yes,social_no,above,pollenivore,apidae,,
Andrena astragali,91,Hymenoptera,cpf_yes,social_no,below,pollenivore,andrenidae,,
Andrena vicinoides,91,Hymenoptera,cpf_yes,social_no,below,pollenivore,andrenidae,,
Osmia californica,91,Hymenoptera,cpf_yes,social_no,above,pollenivore,megachilidae,,
Eristalis tenax,88,Diptera,cpf_no,social_no,aquatic,detritivore,syrphidae,,
Andrena miserabilis,80,Hymenoptera,cpf_yes,social_no,below,pollenivore,andrenidae,,
Lasioglossum pruinosum,79,Hymenoptera,cpf_yes,social_yes,below,pollenivore,halictidae,,
Eupeodes volucris,78,Diptera,cpf_no,social_no,above,predator,syrphidae,,
Lycaenidae,77,Lepidoptera,cpf_no,social_no,above,herbivore,lepidoptera,,
Megachile perihirta,75,Hymenoptera,cpf_yes,social_no,above,pollenivore,megachilidae,,
Scaeva pyrastri,75,Diptera,cpf_no,social_no,above,predator,syrphidae,,
Panurginus atriceps,74,Hymenoptera,cpf_yes,social_no,below,pollenivore,andrenidae,,
Osmia tristella,74,Hymenoptera,cpf_yes,social_no,above,pollenivore,megachilidae,,
Lasioglossum sisymbrii,73,Hymenoptera,cpf_yes,social_no,below,pollenivore,halictidae,,
Andrena prunorum,71,Hymenoptera,cpf_yes,social_no,below,pollenivore,andrenidae,,
Cheilosia rita,71,Diptera,cpf_no,social_no,above,herbivore,syrphidae,,
Osmia albolateralis,69,Hymenoptera,cpf_yes,social_no,above,pollenivore,megachilidae,,
Peleteria,69,Diptera,cpf_no,social_no,various,parasite,otherfly,,
Nomada (Nomada) sp. 2,65,Hymenoptera,cpf_no,social_no,below,parasite,apidae,,
Halictus farinosus,65,Hymenoptera,cpf_yes,social_yes,below,pollenivore,halictidae,,
Andrena merriami,64,Hymenoptera,cpf_yes,social_no,below,pollenivore,andrenidae,,
Andrena subtilis,64,Hymenoptera,cpf_yes,social_no,below,pollenivore,andrenidae,,
Conophorus sackenii,62,Diptera,cpf_no,social_no,below,detritivore,bombyliidae,,
Syrphus opinator,60,Diptera,cpf_no,social_no,above,predator,syrphidae,,
Sphaerophoria philanthus,59,Diptera,cpf_no,social_no,above,predator,syrphidae,,
Melissodes microsticta,58,Hymenoptera,cpf_yes,social_no,below,pollenivore,apidae,,
Mordella sp.,58,Coleoptera,cpf_no,social_no,TDB,,coleoptera,,
Syritta pipiens,57,Diptera,cpf_no,social_no,above,predator,syrphidae,non-native,
Megachile melanophaea,56,Hymenoptera,cpf_yes,social_no,above,pollenivore,megachilidae,,
Muscidae sp.,56,Diptera,cpf_no,social_no,above,detritivore,otherfly,,
Colletes kincaidii,55,Hymenoptera,cpf_yes,social_no,below,pollenivore,colletidae,,
Lygaeidae sp.1,53,Hemiptera,cpf_no,social_no,above,herbivore,non-pollinator,,
Andrena chlorogaster,52,Hymenoptera,cpf_yes,social_no,below,pollenivore,andrenidae,,
Andrena trevoris,49,Hymenoptera,cpf_yes,social_no,below,pollenivore,andrenidae,,
Habropoda cineraria,47,Hymenoptera,cpf_yes,social_no,below,pollenivore,apidae,,
Eristalis dimidiatus,47,Diptera,cpf_no,social_no,aquatic,detritivore,syrphidae,,
Osmia trevoris,46,Hymenoptera,cpf_yes,social_no,above,pollenivore,megachilidae,,
Hylaeus modestus,45,Hymenoptera,cpf_yes,social_no,above,pollenivore,colletidae,,
Dasysyrphus sp.,45,Diptera,cpf_no,social_no,above,predator,syrphidae,,
Andrena cressonii,44,Hymenoptera,cpf_yes,social_no,below,pollenivore,andrenidae,,
Andrena amphibola,43,Hymenoptera,cpf_yes,social_no,below,pollenivore,andrenidae,,
Eucera edwardsii,42,Hymenoptera,cpf_yes,social_no,below,pollenivore,apidae,,
Heriades carinatus,42,Hymenoptera,cpf_yes,social_no,above,pollenivore,megachilidae,,
Bombylius xanthothrix,40,Diptera,cpf_no,social_no,below,parasite,bombyliidae,,
Ceratina pacifica,39,Hymenoptera,cpf_yes,social_no,above,pollenivore,apidae,,
Sphecidae,39,Hymenoptera,cpf_no,social_no,below,predator,otherhym,,
Osmia kincaidii,38,Hymenoptera,cpf_yes,social_no,above,pollenivore,megachilidae,,
Andrena scurra,37,Hymenoptera,cpf_yes,social_no,below,pollenivore,andrenidae,,
Anthophora pacifica,37,Hymenoptera,cpf_yes,social_no,below,pollenivore,apidae,,
Eucera frater,36,Hymenoptera,cpf_yes,social_no,below,pollenivore,apidae,,
Anthaxia inornata,35,Coleoptera,cpf_no,social_no,both,herbivore,coleoptera,,
Agapostemon virescens,35,Hymenoptera,cpf_yes,social_no,below,pollenivore,halictidae,,
Gymnosoma fulginosa,35,Diptera,cpf_no,social_no,above,parasite,otherfly,,
Andrena aff. nasonii,34,Hymenoptera,cpf_yes,social_no,below,pollenivore,andrenidae,,
Nomada (Nomada) sp. 1,34,Hymenoptera,cpf_no,social_no,below,parasite,apidae,,
Lasioglossum sp. 5,32,Hymenoptera,cpf_yes,unknown,below,pollenivore,halictidae,,
Andrena transnigra,31,Hymenoptera,cpf_yes,social_no,below,pollenivore,andrenidae,,
Bombus sitkensis,31,Hymenoptera,cpf_yes,social_yes,both,pollenivore,apidae,,
Nomada (Nomada) sp. 4,31,Hymenoptera,cpf_no,social_no,below,parasite,apidae,,
Andrena sp.,30,Hymenoptera,cpf_yes,social_no,below,pollenivore,andrenidae,,
Bembix americana,30,Hymenoptera,cpf_yes,social_no,below,predator,apidae,,
Buprestidae,30,Coleoptera,cpf_no,social_no,both,herbivore,coleoptera,,
Scathophagidae sp.,30,Diptera,cpf_no,social_no,TDB,larval_TBD,otherfly,,
Lasioglossum albipenne,29,Hymenoptera,cpf_yes,social_yes,below,pollenivore,halictidae,,
Lasioglossum ruidosense,29,Hymenoptera,cpf_yes,TDB,below,pollenivore,halictidae,,
Andrena hemileuca,28,Hymenoptera,cpf_yes,social_no,below,pollenivore,andrenidae,,
Andrena sladeni,28,Hymenoptera,cpf_yes,social_no,below,pollenivore,andrenidae,,
Coleoptera sp. 5,28,Coleoptera,cpf_no,social_no,various,various,coleoptera,,
Ichneumonidae,28,Hymenoptera,cpf_no,social_no,above,parasite,otherhym,,
Andrena buckelli,27,Hymenoptera,cpf_yes,social_no,below,pollenivore,andrenidae,,
Sphaerophoria weemsi,27,Diptera,cpf_no,social_no,above,predator,syrphidae,,
Lepidoptera,25,Lepidoptera,cpf_no,social_no,above,herbivore,lepidoptera,,
Microlepidoptera sp.,25,Lepidoptera,cpf_no,social_no,above,herbivore,lepidoptera,,
Dolichovespula arenaria,25,Hymenoptera,cpf_yes,social_yes,above,predator,otherhym,,
Polistes gallica,25,Hymenoptera,cpf_yes,social_yes,above,predator,otherhym,,
Hoplitis grinnelli,24,Hymenoptera,cpf_yes,social_no,above,pollenivore,megachilidae,,
Hemiptera misc.,24,Hemiptera,no,no,various,various,non-pollinator,,
Empis sp.,24,Diptera,cpf_no,social_no,below,predator,otherfly,,
Polistes dominula,24,Hymenoptera,cpf_yes,social_yes,above,predator,otherhym,,
Andrena w-scripta,23,Hymenoptera,cpf_yes,social_no,below,pollenivore,andrenidae,,
Nomada sp. OK4,23,Hymenoptera,cpf_no,social_no,below,parasite,apidae,,
Cerambycidae sp. 6,23,Coleoptera,cpf_no,social_no,both,herbivore,coleoptera,,
Muscidae metallic sp. 1,23,Diptera,cpf_no,social_no,above,detritivore,otherfly,,
Tachina sp. 1,23,Diptera,cpf_no,social_no,above,parasite,otherfly,,
Villa sp. 6,23,Diptera,cpf_no,social_no,below,parasite,otherfly,,
Eumerus narcissi,23,Diptera,cpf_no,social_no,above,herbivore,syrphidae,,
Bombus griseocollis,22,Hymenoptera,cpf_yes,social_yes,both,pollenivore,apidae,,
Trichodes ornatus,22,Coleoptera,cpf_no,social_no,above,parasite,coleoptera,,
Lasioglossum sp. 2,22,Hymenoptera,cpf_yes,unknown,below,pollenivore,halictidae,,
Megachile rotundata,22,Hymenoptera,cpf_yes,social_no,above,pollenivore,megachilidae,,
Parancistrocerus,22,Hymenoptera,cpf_yes,social_no,both,predator,otherhym,,
Symphyta sp. 1,22,Hymenoptera,cpf_no,social_no,above,herbivore,otherhym,,
Eristalis transversa,22,Diptera,cpf_no,social_no,aquatic,detritivore,syrphidae,,
Osmia caerulescens,21,Hymenoptera,cpf_yes,social_no,above,pollenivore,megachilidae,,
Osmia cyanella,21,Hymenoptera,cpf_yes,social_no,above,pollenivore,megachilidae,,
Rhamphomyia sp. 2,21,Diptera,cpf_no,social_no,above,predator,otherfly,,
Polistes sp.2,21,Hymenoptera,cpf_yes,social_yes,above,predator,otherhym,,
Eucera fulvitarsis,20,Hymenoptera,cpf_yes,social_no,below,pollenivore,apidae,,
Erynnis propertius,20,Lepidoptera,cpf_no,social_no,above,herbivore,lepidoptera,,
Epalpus signifer,20,Diptera,cpf_no,social_no,above,parasite,otherfly,,
Polistes sp.1,20,Hymenoptera,cpf_yes,social_yes,above,predator,otherhym,,
Andrena chlorura,19,Hymenoptera,cpf_yes,social_no,below,pollenivore,andrenidae,,
Colletes fulgidus,19,Hymenoptera,cpf_yes,social_no,above,pollenivore,colletidae,,
Pompilidae,19,Hymenoptera,cpf_yes,social_no,below,predator,otherhym,,
Eupeodes curtus,19,Diptera,cpf_no,social_no,above,predator,syrphidae,,
Sphecodes sp. 3,18,Hymenoptera,cpf_no,social_no,below,parasite,halictidae,,
Osmia sericea,18,Hymenoptera,cpf_yes,social_no,above,pollenivore,megachilidae,,
Sarcophagidae,18,Diptera,cpf_no,social_no,above,detritivore,otherfly,,
Zodion,18,Diptera,cpf_no,social_no,both,parasite,otherfly,,
Vespula sp.,18,Hymenoptera,cpf_yes,social_yes,above,predator,otherhym,,
Wasp,18,Hymenoptera,various,various,various,various,otherhym,,
Eristalis obscurus,18,Diptera,cpf_no,social_no,aquatic,detritivore,syrphidae,,
Platycheirus obscurus,18,Diptera,cpf_no,social_no,above,predator,syrphidae,,
Andrena lupinorum,17,Hymenoptera,cpf_yes,social_no,below,pollenivore,andrenidae,,
Andrena nigrihirta,17,Hymenoptera,cpf_yes,social_no,below,pollenivore,andrenidae,,
Andrena sola,17,Hymenoptera,cpf_yes,social_no,below,pollenivore,andrenidae,,
Bombus occidentalis,17,Hymenoptera,cpf_yes,social_yes,both,pollenivore,apidae,,
Nomada (Nomada) sp. 3,17,Hymenoptera,cpf_no,social_no,below,parasite,apidae,,
Hemipenthes sp. 2,17,Diptera,cpf_no,social_no,above,parasite,bombyliidae,,
Elateridae sp. 3,17,Coleoptera,cpf_no,social_no,above,herbivore,coleoptera,,
Lasioglossum sp. A,17,Hymenoptera,cpf_yes,unknown,below,pollenivore,halictidae,,
Hesperiidae sp.,17,Lepidoptera,cpf_no,social_no,above,herbivore,lepidoptera,,
Megachile gemula,17,Hymenoptera,cpf_yes,social_no,above,pollenivore,megachilidae,,
Osmia montana,17,Hymenoptera,cpf_yes,social_no,above,pollenivore,megachilidae,,
Formicidae,17,Hymenoptera,cpf_yes,social_yes,below,predator,otherhym,,
Priocnemis sp.,17,Hymenoptera,cpf_no,social_no,above,parasite,otherhym,,
Andrena pallidifovea,16,Hymenoptera,cpf_yes,social_no,below,pollenivore,andrenidae,,
Andrena schuhi,16,Hymenoptera,cpf_yes,social_no,below,pollenivore,andrenidae,,
Bembix occidentalis,16,Hymenoptera,cpf_yes,social_no,below,predator,apidae,,
Bombus appositus,16,Hymenoptera,cpf_yes,social_yes,both,pollenivore,apidae,,
Bombus fervidus,16,Hymenoptera,cpf_yes,social_yes,both,pollenivore,apidae,,
Cerambycidae sp.2,16,Coleoptera,cpf_no,social_no,both,herbivore,coleoptera,,
Lasioglossum athabascense,16,Hymenoptera,cpf_yes,TDB,below,pollenivore,halictidae,,
Heriades cressoni,16,Hymenoptera,cpf_yes,social_no,above,pollenivore,megachilidae,,
Philanthus sp. 2,16,Hymenoptera,cpf_yes,social_no,below,predator,otherhym,,
Paragus sp.2,16,Diptera,cpf_no,social_no,above,predator,syrphidae,,
Elateridae sp. 4,15,Coleoptera,cpf_no,social_no,above,herbivore,coleoptera,,
Lasioglossum prasinogaster,15,Hymenoptera,cpf_yes,TDB,below,pollenivore,halictidae,,
Lasioglossum sp. 10,15,Hymenoptera,cpf_yes,unknown,below,pollenivore,halictidae,,
Dalmannia,15,Diptera,cpf_no,social_no,above,parasite,otherfly,,
Ancistrocerus sp.,15,Hymenoptera,cpf_yes,social_no,both,predator,otherhym,,
Chrysura,15,Hymenoptera,cpf_no,social_no,above,parasite,otherhym,,
Syrphidae small,15,Diptera,cpf_no,social_no,above,predator,syrphidae,,
Andrena candida,14,Hymenoptera,cpf_yes,social_no,below,pollenivore,andrenidae,,
Andrena thaspii,14,Hymenoptera,cpf_yes,social_no,below,pollenivore,andrenidae,,
Bombus huntii,14,Hymenoptera,cpf_yes,social_yes,below,pollenivore,apidae,,
Elateridae sp. 5,14,Coleoptera,cpf_no,social_no,above,herbivore,coleoptera,,
Scarabaeidae sp.,14,Coleoptera,cpf_no,social_no,above,,coleoptera,,
Sphecodes sp. 4,14,Hymenoptera,cpf_no,social_no,below,parasite,halictidae,,
Hesperia,14,Lepidoptera,cpf_no,social_no,above,herbivore,lepidoptera,,
Pieris rapae,14,Lepidoptera,cpf_no,social_no,above,herbivore,lepidoptera,,
Osmia malina,14,Hymenoptera,cpf_yes,social_no,above,pollenivore,megachilidae,,
Osmia marginipennis,14,Hymenoptera,cpf_yes,social_no,above,pollenivore,megachilidae,,
Dianthidium subparvum,14,Hymenoptera,cpf_yes,social_no,above,pollenivore,megachilidae,,
Lucilia sericata,14,Diptera,cpf_no,social_no,above,detritivore,otherfly,,
Myopa sp. 2,14,Diptera,cpf_no,social_no,above,predator,otherfly,,
Pipiza,14,Diptera,cpf_no,social_no,above,predator,syrphidae,,
Epeolus minimus,13,Hymenoptera,cpf_no,social_no,below,pollenivore,apidae,,
Nomada sp. J,13,Hymenoptera,cpf_no,social_no,below,parasite,apidae,,
Sphecodes sp.,13,Hymenoptera,cpf_no,social_no,below,parasite,halictidae,,
Osmia atrocyanea,13,Hymenoptera,cpf_yes,social_no,above,pollenivore,megachilidae,,
Osmia densa,13,Hymenoptera,cpf_yes,social_no,above,pollenivore,megachilidae,,
Neorhynchocephalus sackenii,13,Diptera,cpf_no,social_no,above,parasite,otherfly,native,
Cephidae sp.,13,Hymenoptera,cpf_no,social_no,above,herbivore,otherhym,,
Chrysotoxum fasciatus,13,Diptera,cpf_no,social_no,above,predator,syrphidae,,
Eristalis brousii,13,Diptera,cpf_no,social_no,aquatic,detritivore,syrphidae,,
Paragus sp.1,13,Diptera,cpf_no,social_no,above,predator,syrphidae,,
Lasioglossum punctatoventre,12,Hymenoptera,cpf_yes,TDB,below,pollenivore,halictidae,,
Lasioglossum sp. 9,12,Hymenoptera,cpf_yes,unknown,below,pollenivore,halictidae,,
Megachile relativa,12,Hymenoptera,cpf_yes,social_no,above,pollenivore,megachilidae,,
Osmia bucephala,12,Hymenoptera,cpf_yes,social_no,above,pollenivore,megachilidae,,
"Stelis ""albosignata""",12,Hymenoptera,cpf_no,social_no,below,parasite,megachilidae,,
Lygaeidae sp.2,12,Hemiptera,cpf_no,social_no,above,herbivore,non-pollinator,,
Miridae,12,Hemiptera,no,no,various,various,non-pollinator,,
Calliphoridae sp.,12,Diptera,cpf_no,social_no,above,detritivore,otherfly,,
Rhagio sp.,12,Diptera,cpf_no,social_no,above,predator,otherfly,,
Parasyrphus,12,Diptera,cpf_no,social_no,above,predator,syrphidae,,
Platycheirus sp. 3,12,Diptera,cpf_no,social_no,above,predator,syrphidae,,
Syrphus ribesii,12,Diptera,cpf_no,social_no,above,predator,syrphidae,,
Bombus nevadensis,11,Hymenoptera,cpf_yes,social_yes,both,pollenivore,apidae,,
Ceratina micheneri,11,Hymenoptera,cpf_yes,social_no,above,pollenivore,apidae,,
Cerambycidae,11,Coleoptera,cpf_no,social_no,both,herbivore,coleoptera,,
Megachile frigida,11,Hymenoptera,cpf_yes,social_no,above,pollenivore,megachilidae,,
Osmia bakeri,11,Hymenoptera,cpf_yes,social_no,above,pollenivore,megachilidae,,
Dolichovespula maculata,11,Hymenoptera,cpf_yes,social_yes,above,predator,otherhym,,
Hedychrum,11,Hymenoptera,cpf_no,social_no,above,parasite,otherhym,,
Philanthus,11,Hymenoptera,cpf_yes,social_no,below,predator,otherhym,,
Eupeodes lapponicus,11,Diptera,cpf_no,social_no,above,predator,syrphidae,,
Elateridae sp. 6,10,Coleoptera,cpf_no,social_no,above,herbivore,coleoptera,,
Colletes consors,10,Hymenoptera,cpf_yes,social_no,above,pollenivore,colletidae,,
Lasioglossum sedi,10,Hymenoptera,cpf_yes,TDB,below,pollenivore,halictidae,,
Icaricia sp.,10,Lepidoptera,cpf_no,social_no,above,herbivore,lepidoptera,,
Thymelicus lineola,10,Lepidoptera,cpf_no,social_no,above,herbivore,lepidoptera,non-native,
Protosmia rubifloris,10,Hymenoptera,cpf_yes,social_no,above,pollenivore,megachilidae,,
Ammophila,10,Hymenoptera,cpf_yes,social_no,below,predator,otherhym,,
Paragus,10,Diptera,cpf_no,social_no,above,predator,syrphidae,,
Nomada sp.,9,Hymenoptera,cpf_no,social_no,below,parasite,apidae,,
Nomada sp. 11,9,Hymenoptera,cpf_no,social_no,below,parasite,apidae,,
Nomada sp. 2,9,Hymenoptera,cpf_no,social_no,below,parasite,apidae,,
Nomada sp. 4,9,Hymenoptera,cpf_no,social_no,below,parasite,apidae,,
Calypte anna,9,Apodiformes,cpf_yes,social_no,above,various,aves,,
Lasioglossum brunneiventre,9,Hymenoptera,cpf_yes,TDB,below,pollenivore,halictidae,,
Lejops sp.,9,Diptera,cpf_no,social_no,TDB,,otherfly,,
Lonchaeidae sp.,9,Diptera,cpf_no,social_no,above,herbivore,otherfly,,
Lonchaeidae sp. 1,9,Diptera,cpf_no,social_no,above,herbivore,otherfly,,
Phorocera sp.,9,Diptera,cpf_no,social_no,various,parasite,otherfly,,
Physocephala sp. 1,9,Diptera,cpf_no,social_no,various,parasite,otherfly,,
Ancistrocerus,9,Hymenoptera,cpf_yes,social_no,both,predator,otherhym,,
Odynerus,9,Hymenoptera,cpf_no,social_no,both,predator,otherhym,,
Andrena anisochlora,8,Hymenoptera,cpf_yes,social_no,below,pollenivore,andrenidae,,
Andrena crataegi,8,Hymenoptera,cpf_yes,social_no,below,pollenivore,andrenidae,,
Andrena vierecki,8,Hymenoptera,cpf_yes,social_no,below,pollenivore,andrenidae,,
Nomada sp. 10,8,Hymenoptera,cpf_no,social_no,below,parasite,apidae,,
Nomada sp. OK5,8,Hymenoptera,cpf_no,social_no,below,parasite,apidae,,
Dermestidae sp.,8,Coleoptera,cpf_no,social_no,above,detritivore,coleoptera,,
Lasioglossum sp. 11,8,Hymenoptera,cpf_yes,unknown,below,pollenivore,halictidae,,
Hoplitis sambuci,8,Hymenoptera,cpf_yes,social_no,above,pollenivore,megachilidae,,
Coelioxys rufitarsis,8,Hymenoptera,cpf_no,social_no,above,pollenivore,megachilidae,,
Asilidae,8,Diptera,cpf_no,social_no,both,predator,otherfly,,
Lucilia illustris,8,Diptera,cpf_no,social_no,above,detritivore,otherfly,,
Lucilia sp.,8,Diptera,cpf_no,social_no,above,detritivore,otherfly,,
Ichneumonidae sp. 1,8,Hymenoptera,cpf_no,social_no,above,parasite,otherhym,,
Mischocyttarus flavitarsis,8,Hymenoptera,cpf_yes,social_yes,above,predator,otherhym,,
Tenthredinidae sp.,8,Hymenoptera,cpf_no,social_no,above,herbivore,otherhym,,
Eriozona erraticus,8,Diptera,cpf_no,social_no,above,predator,syrphidae,,
Eristalis anthophorinus,8,Diptera,cpf_no,social_no,aquatic,detritivore,syrphidae,,
Eupeodes fumipennis/pomus,8,Diptera,cpf_no,social_no,above,predator,syrphidae,,
Meliscaeva cinctella,8,Diptera,cpf_no,social_no,above,predator,syrphidae,,
Andrena perplexa,7,Hymenoptera,cpf_yes,social_no,below,pollenivore,andrenidae,,
Perdita fallax,7,Hymenoptera,cpf_yes,social_no,above,pollenivore,andrenidae,,
Bombus vandykei,7,Hymenoptera,cpf_yes,social_yes,below,pollenivore,apidae,,
Eucera virgata,7,Hymenoptera,cpf_yes,social_no,below,pollenivore,apidae,,
Leptura chrysocoma,7,Coleoptera,cpf_no,social_no,above,herbivore,coleoptera,,
Sphecodes sp. OK3,7,Hymenoptera,cpf_no,social_no,below,parasite,halictidae,,
Lycaenidae sp.1,7,Lepidoptera,cpf_no,social_no,above,herbivore,lepidoptera,,
Hoplitis sp. 1,7,Hymenoptera,cpf_yes,social_no,above,pollenivore,megachilidae,,
Megachile brevis,7,Hymenoptera,cpf_yes,social_no,above,pollenivore,megachilidae,,
Osmia texana,7,Hymenoptera,cpf_yes,social_no,above,pollenivore,megachilidae,,
Bibio sp. 2,7,Diptera,cpf_no,social_no,below,detritivore,otherfly,,
Hilara sp.,7,Diptera,cpf_no,social_no,below,predator,otherfly,,
Lauxanidae,7,Diptera,cpf_no,social_no,TDB,,otherfly,,
Muscidae sp. 2,7,Diptera,cpf_no,social_no,above,detritivore,otherfly,,
Thecophora sp. 1,7,Diptera,cpf_no,social_no,below,parasite,otherfly,,
Crabronidae sp.,7,Hymenoptera,cpf_no,social_no,TDB,predator,otherhym,,
Symphyta sp. 2,7,Hymenoptera,cpf_no,social_no,above,herbivore,otherhym,,
Vespula vulgaris,7,Hymenoptera,cpf_yes,social_yes,above,predator,otherhym,,
Platycheirus sp.,7,Diptera,cpf_no,social_no,above,predator,syrphidae,,
Sphaerophoria contigua,7,Diptera,cpf_no,social_no,above,predator,syrphidae,,
Andrena (Simandrena) sp. 9,6,Hymenoptera,cpf_yes,social_no,below,pollenivore,andrenidae,,
Andrena angustella,6,Hymenoptera,cpf_yes,social_no,below,pollenivore,andrenidae,,
Andrena evoluta,6,Hymenoptera,cpf_yes,social_no,below,pollenivore,andrenidae,,
Andrena melanochroa,6,Hymenoptera,cpf_yes,social_no,below,pollenivore,andrenidae,,
Andrena rufosignata,6,Hymenoptera,cpf_yes,social_no,below,pollenivore,andrenidae,,
Andrena sp. C,6,Hymenoptera,cpf_yes,social_no,below,pollenivore,andrenidae,,
Anthidium tenuiflorae,6,Hymenoptera,cpf_yes,social_no,below,pollenivore,andrenidae,,
Melecta thoracica,6,Hymenoptera,cpf_no,social_no,below,parasite,apidae,,
Nomada sp. 13,6,Hymenoptera,cpf_no,social_no,below,parasite,apidae,,
Nomada sp. OK3,6,Hymenoptera,cpf_no,social_no,below,parasite,apidae,,
Coleoptera,6,Coleoptera,cpf_no,social_no,various,various,coleoptera,,
Phalacridae sp.,6,Coleoptera,cpf_no,social_no,various,various,coleoptera,,
Rhynchites bicolor,6,Coleoptera,cpf_no,social_no,unknown,unknown,coleoptera,,
Hylaeus basalis,6,Hymenoptera,cpf_yes,social_no,above,pollenivore,colletidae,,
Dufourea trochantera,6,Hymenoptera,cpf_yes,social_no,above,pollenivore,halictidae,,
Lasioglossum dashwoodi,6,Hymenoptera,cpf_yes,TDB,below,pollenivore,halictidae,,
Lasioglossum macroprosopum,6,Hymenoptera,cpf_yes,TDB,below,pollenivore,halictidae,,
Lasioglossum planatum,6,Hymenoptera,cpf_yes,TDB,below,pollenivore,halictidae,,
Lasioglossum sp. 8,6,Hymenoptera,cpf_yes,unknown,below,pollenivore,halictidae,,
Nymphalidae sp.,6,Lepidoptera,cpf_no,social_no,above,herbivore,lepidoptera,,
Osmia gabrielis,6,Hymenoptera,cpf_yes,social_no,above,pollenivore,megachilidae,,
Thecophora sp. 2,6,Diptera,cpf_no,social_no,below,parasite,otherfly,,
Ichneumonidae sp. 3,6,Hymenoptera,cpf_no,social_no,above,parasite,otherhym,,
Stenodynerus,6,Hymenoptera,cpf_yes,social_no,above,predator,otherhym,,
Symphyta,6,Hymenoptera,cpf_no,social_no,above,herbivore,otherhym,,
Vespula atripilosa,6,Hymenoptera,cpf_yes,social_yes,above,predator,otherhym,,
Andrena cupreotincta,5,Hymenoptera,cpf_yes,social_no,below,pollenivore,andrenidae,,
Andrena lawrencei,5,Hymenoptera,cpf_yes,social_no,below,pollenivore,andrenidae,,
Andrena milwaukeensis,5,Hymenoptera,cpf_yes,social_no,below,pollenivore,andrenidae,,
Andrena sigmundi,5,Hymenoptera,cpf_yes,social_no,below,pollenivore,andrenidae,,
Andrena sp. 2,5,Hymenoptera,cpf_yes,social_no,below,pollenivore,andrenidae,,
Anthidium clypeodentatum,5,Hymenoptera,cpf_yes,social_no,below,pollenivore,andrenidae,,
Anthophora sp.,5,Hymenoptera,cpf_yes,social_no,below,pollenivore,apidae,,
Eucera douglasiana,5,Hymenoptera,cpf_yes,social_no,below,pollenivore,apidae,,
Nomada sp. 7,5,Hymenoptera,cpf_no,social_no,below,parasite,apidae,,
Nomada sp. OKA,5,Hymenoptera,cpf_no,social_no,below,parasite,apidae,,
Selasphorus rufus,5,Apodiformes,cpf_yes,social_no,above,predator,aves,,
Stellula calliope,5,Apodiformes,cpf_yes,social_no,above,predator,aves,,
Hemipenthes sp. 1,5,Diptera,cpf_no,social_no,above,parasite,bombyliidae,,
Coleoptera sp. 4,5,Coleoptera,cpf_no,social_no,various,various,coleoptera,,
Elateridae sp. 2,5,Coleoptera,cpf_no,social_no,above,herbivore,coleoptera,,
Lasioglossum imbrex,5,Hymenoptera,cpf_yes,TDB,below,pollenivore,halictidae,,
Lasioglossum tenax,5,Hymenoptera,cpf_yes,TDB,below,pollenivore,halictidae,,
Pieridae,5,Lepidoptera,cpf_no,social_no,above,herbivore,lepidoptera,,
Megachile montivaga,5,Hymenoptera,cpf_yes,social_no,above,pollenivore,megachilidae,,
Osmia calla,5,Hymenoptera,cpf_yes,social_no,above,pollenivore,megachilidae,,
Osmia juxta,5,Hymenoptera,cpf_yes,social_no,above,pollenivore,megachilidae,,
Cercopidae,5,Hemiptera,cpf_no,social_no,above,herbivore,non-pollinator,,
Bibio,5,Diptera,cpf_no,social_no,below,detritivore,otherfly,,
Calliphora aldrichia,5,Diptera,cpf_no,social_no,above,detritivore,otherfly,,
Eulonchus tristis,5,Diptera,cpf_no,social_no,above,parasite,otherfly,,
Systoechus oreas,5,Diptera,cpf_no,social_no,below,parasite,otherfly,,
Tachinidae sp.6,5,Diptera,cpf_no,social_no,above,parasite,otherfly,,
Trichopoda sp. 1,5,Diptera,cpf_no,social_no,above,parasite,otherfly,,
Trichopoda sp. 2,5,Diptera,cpf_no,social_no,above,parasite,otherfly,,
Crabronidae sp. 1,5,Hymenoptera,cpf_no,social_no,TDB,predator,otherhym,,
Ichneumonidae sp. 4,5,Hymenoptera,cpf_no,social_no,above,parasite,otherhym,,
Vespula pensylvanica,5,Hymenoptera,cpf_yes,social_yes,above,predator,otherhym,,
Copestylum sp. 1,5,Diptera,cpf_no,social_no,above,detritivore,syrphidae,,
Helophilus latifrons,5,Diptera,cpf_no,social_no,aquatic,detritivore,syrphidae,,
Parasyrphus insolitus,5,Diptera,cpf_no,social_no,above,predator,syrphidae,,
Platycheirus hyperboreus,5,Diptera,cpf_no,social_no,above,predator,syrphidae,,
Sericomyia slossanae,5,Diptera,cpf_no,social_no,above,predator,syrphidae,,
Sphaerophoria novaeanglia,5,Diptera,cpf_no,social_no,above,predator,syrphidae,,
Xylota sp.,5,Diptera,cpf_no,social_no,above,detritivore,syrphidae,,
Andrena trizonata,4,Hymenoptera,cpf_yes,social_no,below,pollenivore,andrenidae,,
Perdita nevadensis,4,Hymenoptera,cpf_yes,social_no,above,pollenivore,andrenidae,,
Anthophora edwardsii,4,Hymenoptera,cpf_yes,social_no,below,pollenivore,apidae,,
Nomada sp. 1,4,Hymenoptera,cpf_no,social_no,below,parasite,apidae,,
Nomada sp. 3,4,Hymenoptera,cpf_no,social_no,below,parasite,apidae,,
Nomada sp. K,4,Hymenoptera,cpf_no,social_no,below,parasite,apidae,,
Nomada sp. OKH,4,Hymenoptera,cpf_no,social_no,below,parasite,apidae,,
Cythereinae sp. 1,4,Diptera,cpf_no,social_no,above,parasite,bombyliidae,,
Anastrangalia laetifica,4,Coleoptera,cpf_no,social_no,above,herbivore,coleoptera,,
Coleoptera sp. 2,4,Coleoptera,cpf_no,social_no,various,various,coleoptera,,
Elateridae,4,Coleoptera,cpf_no,social_no,above,herbivore,coleoptera,,
Elateridae sp. 1,4,Coleoptera,cpf_no,social_no,above,herbivore,coleoptera,,
Stenocorus nubifer,4,Coleoptera,cpf_no,social_no,above,herbivore,coleoptera,,
Hylaeus punctatus,4,Hymenoptera,cpf_yes,social_no,above,pollenivore,colletidae,,
Forficulidae sp.,4,Dermaptera,cpf_no,social_no,below,detritivore,dermaptera,,
Lasioglossum albohirtum,4,Hymenoptera,cpf_yes,TDB,below,pollenivore,halictidae,,
Lasioglossum ovaliceps,4,Hymenoptera,cpf_yes,TDB,below,pollenivore,halictidae,,
Lasioglossum sp. 12,4,Hymenoptera,cpf_yes,unknown,below,pollenivore,halictidae,,
Lasioglossum trizonatum,4,Hymenoptera,cpf_yes,TDB,below,pollenivore,halictidae,,
Sphecodes sp. 13,4,Hymenoptera,cpf_no,social_no,below,parasite,halictidae,,
Sphecodes sp. 2,4,Hymenoptera,cpf_no,social_no,below,parasite,halictidae,,
Carterocephalus palaemon,4,Lepidoptera,cpf_no,social_no,above,herbivore,lepidoptera,,
Hemaris diffinis,4,Lepidoptera,cpf_no,social_no,above,herbivore,lepidoptera,,
Sesiidae,4,Lepidoptera,cpf_no,social_no,above,herbivore,lepidoptera,,
Hoplitis hypocrita,4,Hymenoptera,cpf_yes,social_no,above,pollenivore,megachilidae,,
Megachile nivalis,4,Hymenoptera,cpf_yes,social_no,above,pollenivore,megachilidae,,
Osmia proxima,4,Hymenoptera,cpf_yes,social_no,above,pollenivore,megachilidae,,
Osmia sculleni,4,Hymenoptera,cpf_yes,social_no,above,pollenivore,megachilidae,,
Coelioxys sodalis,4,Hymenoptera,cpf_no,social_no,above,pollenivore,megachilidae,,
Lygaeidae sp.,4,Hemiptera,cpf_no,social_no,above,herbivore,non-pollinator,,
Pentatomidae sp.,4,Hemiptera,cpf_no,social_no,various,herbivore,non-pollinator,,
Bibionidae sp.,4,Diptera,cpf_no,social_no,below,detritivore,otherfly,,
Myopa,4,Diptera,cpf_no,social_no,above,predator,otherfly,,
Pollenia rudis,4,Diptera,cpf_no,social_no,below,predator,otherfly,,
Villa sp. 1,4,Diptera,cpf_no,social_no,below,parasite,otherfly,,
Villa sp. 5,4,Diptera,cpf_no,social_no,below,parasite,otherfly,,
Eumenes,4,Hymenoptera,cpf_yes,social_no,above,predator,otherhym,,
Holopyga,4,Hymenoptera,cpf_no,social_no,above,parasite,otherhym,,
Ichneumonidae sp. 2,4,Hymenoptera,cpf_no,social_no,above,parasite,otherhym,,
Ichneumonidae sp. 5,4,Hymenoptera,cpf_no,social_no,above,parasite,otherhym,,
Sphecidae sp.1,4,Hymenoptera,cpf_no,social_no,below,predator,otherhym,,
Vespula consobrina,4,Hymenoptera,cpf_yes,social_yes,above,predator,otherhym,,
Cheilosia sp.,4,Diptera,cpf_no,social_no,above,herbivore,syrphidae,,
Eumerus funeralis,4,Diptera,cpf_no,social_no,above,herbivore,syrphidae,,
Melangyna sp.,4,Diptera,cpf_no,social_no,above,predator,syrphidae,,
Platycheirus sp. 1,4,Diptera,cpf_no,social_no,above,predator,syrphidae,,
Platycheirus sp. 5,4,Diptera,cpf_no,social_no,above,predator,syrphidae,,
Andrena ablegata,3,Hymenoptera,cpf_yes,social_no,below,pollenivore,andrenidae,,
Andrena barbilabris,3,Hymenoptera,cpf_yes,social_no,below,pollenivore,andrenidae,,
Anthophora terminalis,3,Hymenoptera,cpf_yes,social_no,below,pollenivore,apidae,,
Bembix amoena,3,Hymenoptera,cpf_yes,social_no,below,predator,apidae,,
Bombus caliginosus,3,Hymenoptera,cpf_yes,social_yes,both,pollenivore,apidae,,
Bombus rufocinctus,3,Hymenoptera,cpf_yes,social_yes,both,pollenivore,apidae,,
Epeolus americanus,3,Hymenoptera,cpf_no,social_no,below,pollenivore,apidae,,
Epeolus compactus,3,Hymenoptera,cpf_no,social_no,below,pollenivore,apidae,,
Nomada sp. 8,3,Hymenoptera,cpf_no,social_no,below,parasite,apidae,,
Nomada sp. OK11,3,Hymenoptera,cpf_no,social_no,below,parasite,apidae,,
Exoprosopa dorcadion,3,Diptera,cpf_no,social_no,below,parasite,bombyliidae,,
Exoprosopa sp. 2,3,Diptera,cpf_no,social_no,below,parasite,bombyliidae,,
Hemipenthes sinuosa,3,Diptera,cpf_no,social_no,above,parasite,bombyliidae,,
Coleothorpa,3,Coleoptera,cpf_no,social_no,above,fungivore,coleoptera,,
Hylaeus coloradensis/nevadensis,3,Hymenoptera,cpf_yes,social_no,above,pollenivore,colletidae,,
Hylaeus rudbeckiae,3,Hymenoptera,cpf_yes,social_no,above,pollenivore,colletidae,,
Hylaeus sp.,3,Hymenoptera,cpf_yes,social_no,above,pollenivore,colletidae,,
Lasioglossum egregium,3,Hymenoptera,cpf_yes,TDB,below,pollenivore,halictidae,,
Lasioglossum mellipes,3,Hymenoptera,cpf_yes,TDB,below,pollenivore,halictidae,,
Sphecodes sp. 1,3,Hymenoptera,cpf_no,social_no,below,parasite,halictidae,,
Sphecodes sp. 14,3,Hymenoptera,cpf_no,social_no,below,parasite,halictidae,,
Cercyonis,3,Lepidoptera,cpf_no,social_no,above,herbivore,lepidoptera,,
Glaucopsyche lygdamus,3,Lepidoptera,cpf_no,social_no,above,herbivore,lepidoptera,,
Hoplitis producta,3,Hymenoptera,cpf_yes,social_no,above,pollenivore,megachilidae,,
Hoplitis sp.,3,Hymenoptera,cpf_yes,social_no,above,pollenivore,megachilidae,,
Megachile subnigra,3,Hymenoptera,cpf_yes,social_no,above,pollenivore,megachilidae,,
Osmia bruneri,3,Hymenoptera,cpf_yes,social_no,above,pollenivore,megachilidae,,
Osmia ednae,3,Hymenoptera,cpf_yes,social_no,above,pollenivore,megachilidae,,
Osmia hurdi,3,Hymenoptera,cpf_yes,social_no,above,pollenivore,megachilidae,,
Osmia nemoris,3,Hymenoptera,cpf_yes,social_no,above,pollenivore,megachilidae,,
Osmia simillima,3,Hymenoptera,cpf_yes,social_no,above,pollenivore,megachilidae,,
Cicadellidae sp.,3,Hemiptera,cpf_no,social_no,above,herbivore,non-pollinator,,
Mantispidae,3,Neuroptera,no,no,various,various,non-pollinator,,
Dilophus,3,Diptera,cpf_no,social_no,below,detritivore,otherfly,,
Limnophora sp.,3,Diptera,cpf_no,social_no,above,detritivore,otherfly,,
Lucilia silvarum,3,Diptera,cpf_no,social_no,above,detritivore,otherfly,,
Myopa sp. 1,3,Diptera,cpf_no,social_no,above,predator,otherfly,,
Stratiomyis sp.,3,Diptera,cpf_no,social_no,aquatic,herbivore,otherfly,,
Thecophora,3,Diptera,cpf_no,social_no,below,parasite,otherfly,,
Chrysis,3,Hymenoptera,cpf_no,social_no,above,parasite,otherhym,,
Ectemnius sp.,3,Hymenoptera,cpf_no,social_no,above,predator,otherhym,,
Polistes,3,Hymenoptera,cpf_yes,social_yes,below,predator,otherhym,,
Pseudomasaris sp. 1,3,Hymenoptera,cpf_yes,social_no,above,pollenivore,otherhym,,
Tachysphex,3,Hymenoptera,cpf_yes,social_no,both,predator,otherhym,,
Trichrysis,3,Hymenoptera,cpf_no,social_no,below,parasite,otherhym,,
Vespula sp. 2,3,Hymenoptera,cpf_yes,social_yes,above,predator,otherhym,,
Epistrophe emarginata,3,Diptera,cpf_no,social_no,above,predator,syrphidae,,
Helophilus fasciatus,3,Diptera,cpf_no,social_no,aquatic,detritivore,syrphidae,,
Helophilus intentus,3,Diptera,cpf_no,social_no,aquatic,detritivore,syrphidae,,
Sphaerophoria pyrrhina,3,Diptera,cpf_no,social_no,above,predator,syrphidae,,
Sphaerophoria sp.,3,Diptera,cpf_no,social_no,above,predator,syrphidae,,
Trichopsomyia spp.,3,Diptera,cpf_no,social_no,above,predator,syrphidae,,
Andrena (Andrena) n. sp.,2,Hymenoptera,cpf_yes,social_no,below,pollenivore,andrenidae,,
Andrena columbiana,2,Hymenoptera,cpf_yes,social_no,below,pollenivore,andrenidae,,
Andrena frigida,2,Hymenoptera,cpf_yes,social_no,below,pollenivore,andrenidae,,
Andrena porterae,2,Hymenoptera,cpf_yes,social_no,below,pollenivore,andrenidae,,
Andrena sp. 10,2,Hymenoptera,cpf_yes,social_no,below,pollenivore,andrenidae,,
Andrena sp. 5,2,Hymenoptera,cpf_yes,social_no,below,pollenivore,andrenidae,,
Andrena sp. 6,2,Hymenoptera,cpf_yes,social_no,below,pollenivore,andrenidae,,
Heterosarus didirupa,2,Hymenoptera,cpf_yes,social_no,below,pollenivore,andrenidae,,
Anthophora porterae,2,Hymenoptera,cpf_yes,social_no,below,pollenivore,apidae,,
Anthophora ursina,2,Hymenoptera,cpf_yes,social_no,below,pollenivore,apidae,,
Bombus fernaldae,2,Hymenoptera,cpf_yes,social_yes,both,pollenivore,apidae,,
Eucera acerba,2,Hymenoptera,cpf_yes,social_no,below,pollenivore,apidae,,
Melissodes bimatris,2,Hymenoptera,cpf_yes,social_no,below,pollenivore,apidae,,
Melissodes sp. A,2,Hymenoptera,cpf_yes,social_no,below,pollenivore,apidae,,
Nomada (Nomada) sp. A,2,Hymenoptera,cpf_no,social_no,below,parasite,apidae,,
Nomada crutchii,2,Hymenoptera,cpf_no,social_no,below,parasite,apidae,,
Nomada sp. A,2,Hymenoptera,cpf_no,social_no,below,parasite,apidae,,
Nomada sp. C,2,Hymenoptera,cpf_no,social_no,below,parasite,apidae,,
Nomada sp. OK12,2,Hymenoptera,cpf_no,social_no,below,parasite,apidae,,
Nomada sp. OK2,2,Hymenoptera,cpf_no,social_no,below,parasite,apidae,,
Nomada sp. OK9,2,Hymenoptera,cpf_no,social_no,below,parasite,apidae,,
Bombylius aestruus,2,Diptera,cpf_no,social_no,below,parasite,bombyliidae,,
Exoprosopa sp. 1,2,Diptera,cpf_no,social_no,below,parasite,bombyliidae,,
Brachysomida californica,2,Coleoptera,cpf_no,social_no,below,herbivore,coleoptera,,
Carabidae sp.,2,Coleoptera,cpf_no,social_no,below,predator,coleoptera,,
Coleoptera sp. 1,2,Coleoptera,cpf_no,social_no,various,various,coleoptera,,
Coleoptera sp. 3,2,Coleoptera,cpf_no,social_no,various,various,coleoptera,,
Elateridae sp. 7,2,Coleoptera,cpf_no,social_no,above,herbivore,coleoptera,,
Meloidae sp.,2,Coleoptera,cpf_no,social_no,TDB,,coleoptera,,
Molorchus sp.,2,Coleoptera,cpf_no,social_no,above,herbivore,coleoptera,,
Lasioglossum abundipunctum,2,Hymenoptera,cpf_yes,TDB,below,pollenivore,halictidae,,
Lasioglossum colatum,2,Hymenoptera,cpf_yes,TDB,below,pollenivore,halictidae,,
Lasioglossum nigrum,2,Hymenoptera,cpf_yes,TDB,below,pollenivore,halictidae,,
Lasioglossum sp. 4,2,Hymenoptera,cpf_yes,unknown,below,pollenivore,halictidae,,
Lasioglossum sp. B,2,Hymenoptera,cpf_yes,unknown,below,pollenivore,halictidae,,
Sphecodes sp. 12,2,Hymenoptera,cpf_no,social_no,below,parasite,halictidae,,
Sphecodes sp. 16,2,Hymenoptera,cpf_no,social_no,below,parasite,halictidae,,
Berytidae,2,Hemiptera,cpf_no,social_no,above,herbivore,hemiptera,,
Hesperia juba,2,Lepidoptera,cpf_no,social_no,above,herbivore,lepidoptera,,
Papilio eurymedon,2,Lepidoptera,cpf_no,social_no,above,herbivore,lepidoptera,,
Parnassius clodius,2,Lepidoptera,cpf_no,social_no,above,herbivore,lepidoptera,,
Megachile lippiae,2,Hymenoptera,cpf_yes,social_no,above,pollenivore,megachilidae,,
Megachile onobrychidis,2,Hymenoptera,cpf_yes,social_no,above,pollenivore,megachilidae,,
Osmia bella,2,Hymenoptera,cpf_yes,social_no,above,pollenivore,megachilidae,,
Osmia nigrifrons,2,Hymenoptera,cpf_yes,social_no,above,pollenivore,megachilidae,,
Osmia sp.,2,Hymenoptera,cpf_yes,social_no,above,pollenivore,megachilidae,,
Stelis subcaerulea,2,Hymenoptera,cpf_no,social_no,below,parasite,megachilidae,,
Coelioxys porterae,2,Hymenoptera,cpf_no,social_no,above,pollenivore,megachilidae,,
Dianthidium pudicum,2,Hymenoptera,cpf_yes,social_no,above,pollenivore,megachilidae,,
Orthoptera,2,Orthoptera,no,no,various,various,non-pollinator,,
Bibio sp. 1,2,Diptera,cpf_no,social_no,below,detritivore,otherfly,,
Calliphora latifrons,2,Diptera,cpf_no,social_no,above,detritivore,otherfly,,
Calliphora terraenovae,2,Diptera,cpf_no,social_no,above,detritivore,otherfly,,
Calliphora vomitoria,2,Diptera,cpf_no,social_no,above,detritivore,otherfly,,
Chamaemyiidae,2,Diptera,cpf_no,social_no,above,predator,otherfly,,
Drymeia sp.,2,Diptera,cpf_no,social_no,above,detritivore,otherfly,,
Gymnosoma sp.,2,Diptera,cpf_no,social_no,above,parasite,otherfly,,
Gymnsoma sp. 1,2,Diptera,cpf_no,social_no,above,parasite,otherfly,,
Oestridae sp.,2,Diptera,cpf_no,social_no,above,parasite,otherfly,,
Peleteria sp. 2,2,Diptera,cpf_no,social_no,various,parasite,otherfly,,
Plagiomima sp.,2,Diptera,cpf_no,social_no,various,parasite,otherfly,,
Sarcophagidae sp. 1,2,Diptera,cpf_no,social_no,above,detritivore,otherfly,,
Stichopogon,2,Diptera,cpf_no,social_no,below,predator,otherfly,,
Villa sp. 3,2,Diptera,cpf_no,social_no,below,parasite,otherfly,,
Aporus sp.,2,Hymenoptera,cpf_no,social_no,below,parasite,otherhym,,
Cimbicidae,2,Hymenoptera,cpf_no,social_no,above,herbivore,otherhym,,
Diodontus,2,Hymenoptera,cpf_yes,social_no,above,predator,otherhym,,
Dolichovespula norvegicoides,2,Hymenoptera,cpf_yes,social_yes,above,predator,otherhym,,
Eumeninae,2,Hymenoptera,cpf_yes,social_no,above,predator,otherhym,,
Euodynerus,2,Hymenoptera,cpf_yes,social_no,above,predator,otherhym,,
Euodynerus sp. 2,2,Hymenoptera,cpf_yes,social_no,above,predator,otherhym,,
Nysson,2,Hymenoptera,cpf_no,social_no,below,parasite,otherhym,,
Polistes sp.,2,Hymenoptera,cpf_yes,social_yes,above,predator,otherhym,,
Symphyta sp. 3,2,Hymenoptera,cpf_no,social_no,above,herbivore,otherhym,,
Vespula sp. 1,2,Hymenoptera,cpf_yes,social_yes,above,predator,otherhym,,
Blera sp.,2,Diptera,cpf_no,social_no,aquatic*,detritivore*,Syrphidae,,
Cheilosia sp. A,2,Diptera,cpf_no,social_no,above,herbivore,syrphidae,,
Chrysogaster sp.,2,Diptera,cpf_no,social_no,aquatic,detritivore,syrphidae,,
Epistrophe nitidicollis,2,Diptera,cpf_no,social_no,above,predator,syrphidae,,
Eristalinus aeneus,2,Diptera,cpf_no,social_no,above,detritivore,syrphidae,non-native,
Eumerus sp.,2,Diptera,cpf_no,social_no,above,herbivore,syrphidae,,
Eumerus strigatus,2,Diptera,cpf_no,social_no,above,herbivore,syrphidae,,
Eupeodes perplexus,2,Diptera,cpf_no,social_no,above,predator,syrphidae,,
Hadromyia crawfordi,2,Diptera,cpf_no,social_no,aquatic,detritivore,syrphidae,,
Heringia sp. 2,2,Diptera,cpf_no,social_no,above,predator,syrphidae,,
Heringia sp. 3,2,Diptera,cpf_no,social_no,above,predator,syrphidae,,
Platycheirus sp. 2,2,Diptera,cpf_no,social_no,above,predator,syrphidae,,
Platycheirus sp. 4,2,Diptera,cpf_no,social_no,above,predator,syrphidae,,
Platycheirus sp. 6,2,Diptera,cpf_no,social_no,above,predator,syrphidae,,
Sphegina sp.,2,Diptera,cpf_no,social_no,above,predator,syrphidae,non-native,
Spilomyia interrupta,2,Diptera,cpf_no,social_no,above,predator,syrphidae,native,
Temnostoma sp.,2,Diptera,cpf_no,social_no,above,detritivore,syrphidae,,
Temnostoma vespiformis,2,Diptera,cpf_no,social_no,above,detritivore,syrphidae,,
Hyatomyia sp.,2,unknown,no,no,various,various,unknown,,not found
Agapostemon sp.,1,Hymenoptera,cpf_yes,social_no,below,pollenivore,halictidae,,
Aglais milberti,1,Lepidoptera,cpf_no,social_no,above,herbivore,lepidoptera,,
Allograpta micrura,1,Diptera,cpf_no,social_no,above,predator,syrphidae,,
"Andrena ""blue bands""",1,Hymenoptera,cpf_yes,social_no,below,pollenivore,andrenidae,,
Andrena (Callandrena) sp.,1,Hymenoptera,cpf_yes,social_no,below,pollenivore,andrenidae,,
Andrena berberidis,1,Hymenoptera,cpf_yes,social_no,below,pollenivore,andrenidae,,
Andrena chalybioides,1,Hymenoptera,cpf_yes,social_no,below,pollenivore,andrenidae,,
Andrena chapmanae,1,Hymenoptera,cpf_yes,social_no,below,pollenivore,andrenidae,,
Andrena knuthiana,1,Hymenoptera,cpf_yes,social_no,below,pollenivore,andrenidae,,
Andrena miranda,1,Hymenoptera,cpf_yes,social_no,below,pollenivore,andrenidae,,
Andrena nothocalaidis,1,Hymenoptera,cpf_yes,social_no,below,pollenivore,andrenidae,,
Andrena prolixa,1,Hymenoptera,cpf_yes,social_no,below,pollenivore,andrenidae,,
Andrena sp. 7,1,Hymenoptera,cpf_yes,social_no,below,pollenivore,andrenidae,,
Andrena sp. D,1,Hymenoptera,cpf_yes,social_no,below,pollenivore,andrenidae,,
Andrena sp. E,1,Hymenoptera,cpf_yes,social_no,below,pollenivore,andrenidae,,
Andrena vicina,1,Hymenoptera,cpf_yes,social_no,below,pollenivore,andrenidae,,
Andrena ziziae,1,Hymenoptera,cpf_yes,social_no,below,pollenivore,andrenidae,,
Anthophora bomboides,1,Hymenoptera,cpf_yes,social_no,below,pollenivore,apidae,,
Anthrax,1,Diptera,cpf_no,social_no,below,parasite,bombyliidae,,
Anthrax sp. 2,1,Diptera,cpf_no,social_no,below,parasite,bombyliidae,,
Argidae sp.,1,Hymenoptera,cpf_no,social_no,above,herbivore,otherhym,,
Ashmeadiella cactorum,1,Hymenoptera,cpf_yes,social_no,above,pollenivore,megachilidae,,
Baccha elongatus,1,Diptera,cpf_no,social_no,above,predator,syrphidae,,
Blera analis,1,Diptera,cpf_no,social_no,aquatic*,detritivore*,Syrphidae,,
Bombus (Pyrobombus) sp.,1,Hymenoptera,cpf_yes,social_yes,both,pollenivore,apidae,,
Bombus q sitkensis,1,Hymenoptera,cpf_yes,social_yes,both,pollenivore,apidae,,
Bombus sp.,1,Hymenoptera,cpf_yes,social_yes,both,pollenivore,apidae,,
Bombus suckleyi,1,Hymenoptera,cpf_yes,social_yes,both,pollenivore,apidae,,
Bombus unidentifiable,1,Hymenoptera,cpf_yes,social_yes,both,pollenivore,apidae,,
Bombylius pendens,1,Diptera,cpf_no,social_no,below,parasite,bombyliidae,,
Brachypalpus oarus,1,Diptera,cpf_no,social_no,below,detritivore,syrphidae,,
Brachypalpus sp.,1,Diptera,cpf_no,social_no,below,detritivore,syrphidae,,
Buprestidae sp. 3,1,Coleoptera,cpf_no,social_no,both,herbivore,coleoptera,,
Calliphora livida,1,Diptera,cpf_no,social_no,above,detritivore,otherfly,,
Calliphora stelviana,1,Diptera,cpf_no,social_no,above,detritivore,otherfly,,
Callophrys eryphon,1,Lepidoptera,cpf_no,social_no,above,herbivore,lepidoptera,,
Cerambycidae sp. 4,1,Coleoptera,cpf_no,social_no,both,herbivore,coleoptera,,
Cerambycidae sp. 5,1,Coleoptera,cpf_no,social_no,both,herbivore,coleoptera,,
Cerambycidae sp.3,1,Coleoptera,cpf_no,social_no,both,herbivore,coleoptera,,
Cerambycinae sp.,1,Coleoptera,cpf_no,social_no,both,herbivore,coleoptera,,
Chalcididae sp.,1,Hymenoptera,cpf_no,social_no,above,parasite,otherhym,,
Chelonus sp.,1,Hymenoptera,cpf_no,social_no,above,parasite,otherhym,,
Chrysotoxum,1,Diptera,cpf_no,social_no,above,predator,syrphidae,,
Chrysotoxum flavifrons,1,Diptera,cpf_no,social_no,above,predator,syrphidae,,
Cimbicidae sp. 1,1,Hymenoptera,cpf_no,social_no,above,herbivore,otherhym,,
Coccinellidae,1,Coleoptera,cpf_no,social_no,various,various,coleoptera,,
Colletes phaceliae,1,Hymenoptera,cpf_yes,social_no,below,pollenivore,colletidae,,
Conopidae,1,Diptera,cpf_no,social_no,both,parasite,otherfly,,
Conura side,1,Hymenoptera,cpf_no,social_no,above,parasite,otherhym,,
Copestylum sp. 2,1,Diptera,cpf_no,social_no,above,detritivore,syrphidae,,
Crabronidae sp. 4,1,Hymenoptera,cpf_no,social_no,,predator,otherhym,,
Crabronidae sp. 8,1,Hymenoptera,cpf_no,social_no,,predator,otherhym,,
Crambidae sp.,1,Lepidoptera,cpf_no,social_no,above,herbivore,lepidoptera,,
Criorhina sp. 1,1,Diptera,cpf_no,social_no,above,detritivore,syrphidae,,
Crossocerus,1,Hymenoptera,cpf_yes,social_no,,predator,otherhym,,
Curculionidae sp.,1,Coleoptera,cpf_no,social_no,above,herbivore,coleoptera,,
Cynomya sp.,1,Diptera,cpf_no,social_no,above,detritivore,otherfly,,
Danaus plexippus,1,Lepidoptera,cpf_no,social_no,above,herbivore,lepidoptera,,
Dasysyrphus venustus,1,Diptera,cpf_no,social_no,above,predator,syrphidae,,
Epeolus sp.,1,Hymenoptera,cpf_no,social_no,below,pollenivore,apidae,,
Epistrophe xanthostoma,1,Diptera,cpf_no,social_no,above,predator,syrphidae,,
Eulonchus sapphinnus,1,Diptera,cpf_no,social_no,above,parasite,otherfly,,
Euodynerus sp. 1,1,Hymenoptera,cpf_yes,social_no,above,predator,otherhym,,
Eupeodes luniger,1,Diptera,cpf_no,social_no,above,predator,syrphidae,,
Eupeodes sp. 1,1,Diptera,cpf_no,social_no,above,predator,syrphidae,,
Eupeodes sp. 2,1,Diptera,cpf_no,social_no,above,predator,syrphidae,,
Habropoda miserabilis,1,Hymenoptera,cpf_yes,social_no,below,pollenivore,apidae,,
Halictus sp.,1,Hymenoptera,cpf_yes,both,below,pollenivore,halictidae,,
Hemipenthes edwardsii,1,Diptera,cpf_no,social_no,above,parasite,bombyliidae,,
Hemipenthes morioides,1,Diptera,cpf_no,social_no,above,parasite,bombyliidae,,
Hemipenthes seminigra,1,Diptera,cpf_no,social_no,above,parasite,bombyliidae,,
Heriades carinata,1,Hymenoptera,cpf_yes,social_no,above,pollenivore,megachilidae,,
Heriades sp.,1,Hymenoptera,cpf_yes,social_no,above,pollenivore,megachilidae,,
Heringia sp. 1,1,Diptera,cpf_no,social_no,above,predator,syrphidae,,
Heringia sp. 4,1,Diptera,cpf_no,social_no,above,predator,syrphidae,,
Hoplitis sp. 2 (metallic),1,Hymenoptera,cpf_yes,social_no,above,pollenivore,megachilidae,,
Hylaeus mesillae,1,Hymenoptera,cpf_yes,social_no,above,pollenivore,colletidae,,
Hylaeus nevadensis,1,Hymenoptera,cpf_yes,social_no,above,pollenivore,colletidae,,
Ichneumonidae sp. 6,1,Hymenoptera,cpf_no,social_no,above,parasite,otherhym,,
Lasioglossum anhypops,1,Hymenoptera,cpf_yes,,below,pollenivore,halictidae,,
Lasioglossum hyalinum,1,Hymenoptera,cpf_yes,,below,pollenivore,halictidae,,
Lasioglossum marinensis,1,Hymenoptera,cpf_yes,,below,pollenivore,halictidae,,
Lasioglossum reasbeckae,1,Hymenoptera,cpf_yes,,below,pollenivore,halictidae,,
Lasioglossum sagax,1,Hymenoptera,cpf_yes,,below,pollenivore,halictidae,,
Lasioglossum sp. 7,1,Hymenoptera,cpf_yes,,below,pollenivore,halictidae,,
Lejops curvipes,1,,,,,,,,
Lejota,1,,,,,,,,
Lepturinae sp.,1,,,,,,,,
Lucilia thatuna,1,,,,,,,,
Lycaenidae sp.2,1,,,,,,,,
Mallota sackeni,1,,,,,,,,
Megachile fidelis,1,Hymenoptera,cpf_yes,social_no,above,pollenivore,megachilidae,,
Megachile inermis,1,Hymenoptera,cpf_yes,social_no,above,pollenivore,megachilidae,,
Megachile parallela,1,Hymenoptera,cpf_yes,social_no,above,pollenivore,megachilidae,,
Melangyna triangulifera,1,,,,,,,,
Melissodes communis,1,Hymenoptera,cpf_yes,social_no,below,pollenivore,apidae,,
Melissodes sp. 1,1,Hymenoptera,cpf_yes,social_no,below,pollenivore,apidae,,
Mycetophilidae sp.,1,,,,,,,,
Myopa sp. 3,1,,,,,,,,
Nabidae,1,,,,,,,,
Neopasites aff. fulviventris,1,,,,,,,,
Nomada cressonii,1,Hymenoptera,cpf_no,social_no,below,parasite,apidae,,
Nomada sp. B,1,Hymenoptera,cpf_no,social_no,below,parasite,apidae,,
Nomada sp. D,1,Hymenoptera,cpf_no,social_no,below,parasite,apidae,,
Nomada sp. OK1,1,Hymenoptera,cpf_no,social_no,below,parasite,apidae,,
Nomada sp. OK13,1,Hymenoptera,cpf_no,social_no,below,parasite,apidae,,
Nomada sp. OK14,1,Hymenoptera,cpf_no,social_no,below,parasite,apidae,,
Nomada sp. OK18,1,Hymenoptera,cpf_no,social_no,below,parasite,apidae,,
Nomada sp. OKF,1,Hymenoptera,cpf_no,social_no,below,parasite,apidae,,
Nomada sp. OKI,1,Hymenoptera,cpf_no,social_no,below,parasite,apidae,,
Nomada sp. OKJ,1,Hymenoptera,cpf_no,social_no,below,parasite,apidae,,
Nomada sp. OKK,1,Hymenoptera,cpf_no,social_no,below,parasite,apidae,,
Nomada sp. OKN,1,Hymenoptera,cpf_no,social_no,below,parasite,apidae,,
Nomada sp. Y,1,Hymenoptera,cpf_no,social_no,below,parasite,apidae,,
Oecophoridae,1,,,,,,,,
Orthonevra stigmata,1,,,,,,,,
Osmia aff. Pusilla,1,Hymenoptera,cpf_yes,social_no,above,pollenivore,megachilidae,,
Osmia cornifrons,1,Hymenoptera,cpf_yes,social_no,above,pollenivore,megachilidae,,
Osmia regulina,1,Hymenoptera,cpf_yes,social_no,above,pollenivore,megachilidae,,
Osmia sedula,1,Hymenoptera,cpf_yes,social_no,above,pollenivore,megachilidae,,
Papilio rutulus,1,,,,,,,,
Paragus sp. 3,1,,,,,,,,
Paravilla,1,,,,,,,,
Parhelophilus sp.,1,,,,,,,,
Passaloceaus,1,,,,,,,,
Peleteria iterans,1,,,,,,,,
Phaenica sp.,1,,,,,,,,
Philanthus sp. 1,1,,,,,,,,
Phormia regina,1,,,,,,,,
Phyciodes mylitta,1,,,,,,,,
Pidonia scripta,1,,,,,,,,
Pipiza sp. 1,1,,,,,,,,
Pipunculidae sp.,1,,,,,,,,
Platycherius latitarsus,1,Diptera,cpf_no,social_no,,,syrphidae,,
Plebejus sp.,1,,,,,,,,
Podalonia,1,,,,,,,,
Pollenia angustigena,1,,,,,,,,
Pollenia labialis,1,,,,,,,,
Pollenia vagabunda,1,,,,,,,,
Polygonia satyrus,1,,,,,,,,
Pyrgus communis,1,,,,,,,,
Pyrgus ruralis,1,,,,,,,,
Raphidiidae,1,,,,,,,,
Scutelleridae,1,,,,,,,,
Sepedon sp.,1,,,,,,,,
Sepsidae,1,,,,,,,,
Sericomyia lata,1,,,,,,,,
Sericomyia sp.,1,,,,,,,,
Sphaerophoria bifurcata,1,Diptera,cpf_no,social_no,above,predator,syrphidae,,
Sphecodes sp. 15,1,Hymenoptera,cpf_no,social_no,below,parasite,halictidae,,
Sphecodes sp. 17,1,Hymenoptera,cpf_no,social_no,below,parasite,halictidae,,
Sphecodes sp. OK4,1,Hymenoptera,cpf_no,social_no,below,parasite,halictidae,,
Stelis carnifex,1,Hymenoptera,cpf_no,social_no,below,parasite,,,
Symphyta sp. 4,1,,,,,,,,
Syrphus toruus,1,,,,,,,,
Tachinidae sp. 3,1,,,,,,,,
Temnostoma aequale,1,,,,,,,,
Trichiosoma triangulum,1,,,,,,,,
Trichiotinus assimilis,1,,,,,,,,
Trypoxylon,1,,,,,,,,
Typocerus sp.,1,,,,,,,,
Tyria jacobeae,1,,,,,,,,
Ulidiidae,1,,,,,,,,
Urocerus albicornis,1,,,,,,,,
Vanessa atalanta,1,,,,,,,,
Villa sp. 2,1,Diptera,cpf_no,social_no,,,,,
Xylocopa tabaniformis,1,Hymenoptera,cpf_yes,social_no,above,pollenivore,apidae,,
Xylophagidae sp.,1,,,,,,,,
Andrena mariae,0,Hymenoptera,cpf_yes,social_no,below,pollenivore,andrenidae,,
Andrena suavis,0,Hymenoptera,cpf_yes,social_no,below,pollenivore,andrenidae,,
Osmia nr hesperos,0,Hymenoptera,cpf_yes,social_no,above,pollenivore,megachilidae,,
Neuroptera,0,Neuroptera,no,no,various,various,non-pollinator,,
Therevidae,0,Hemiptera,no,no,various,various,non-pollinator,,
Odonata,0,Odonata,no,no,various,various,non-pollinator,,
Calliphora genarum,0,Diptera,cpf_no,social_no,above,detritivore,otherfly,,
Calliphora grahami,0,Diptera,cpf_no,social_no,above,detritivore,otherfly,,
Cyanus elongata,0,Diptera,cpf_no,social_no,above,detritivore,otherfly,,
Dolichopodidae sp.,0,Diptera,cpf_no,social_no,aquatic,detritivore,otherfly,,
Lucilia elongata,0,Diptera,cpf_no,social_no,above,detritivore,otherfly,,
Melanodexia sp.,0,Diptera,cpf_no,social_no,above,detritivore,otherfly,,
Odontomyia sp. 4,0,Diptera,cpf_no,social_no,aquatic,herbivore,otherfly,,
Pollenia pediculata,0,Diptera,cpf_no,social_no,below,predator,otherfly,,
Protophormia terraenovae,0,Diptera,cpf_no,social_no,above,detritivore,otherfly,,
Rhagionidae,0,Diptera,cpf_no,social_no,above,predator,otherfly,,
Eristalis bardus,0,Diptera,cpf_no,social_no,aquatic,detritivore,syrphidae,,
Heringia,0,Diptera,cpf_no,social_no,above,predator,syrphidae,,