bee_sp,bee_common,Wikipedia,Canada_bee,Wikipedia_common,Canada_bee_common,picture_address
"Adela
septentrionella",Fairy longhorn moth,https://en.wikipedia.org/wiki/Adela_septentrionella,N/A,https://en.wikipedia.org/wiki/Adelidae,N/A,
"Agapostemon
texanus",Metallic green sweat bee,https://en.wikipedia.org/wiki/Agapostemon_texanus,"http://www.beesofcanada.com/species/agapostemon-texanus-cresson,-1872",https://en.wikipedia.org/wiki/Agapostemon,"http://www.beesofcanada.com/species/agapostemon-texanus-cresson,-1872",
"Agapostemon
virescens",Metallic green sweat bee,https://en.wikipedia.org/wiki/Agapostemon_virescens,"http://www.beesofcanada.com/species/agapostemon-virescens-(fabricius,-1775)",https://en.wikipedia.org/wiki/Agapostemon,"http://www.beesofcanada.com/species/agapostemon-virescens-(fabricius,-1775)",
"Andrena
aff. nasonii",Mining bee,https://en.wikipedia.org/wiki/Andrena_nasonii,http://www.beesofcanada.com/species/andrena-nasonii,https://en.wikipedia.org/wiki/Andrena,http://www.beesofcanada.com/species/andrena-nasonii,
"Andrena
amphibola",Mining bee,https://en.wikipedia.org/wiki/Andrena_amphibola,"http://www.beesofcanada.com/species/andrena-amphibola-(viereck,-1904)",https://en.wikipedia.org/wiki/Andrena,"http://www.beesofcanada.com/species/andrena-amphibola-(viereck,-1904)",
"Andrena
angustella",Mining bee,https://en.wikipedia.org/wiki/Andrena_angustella,N/A,https://en.wikipedia.org/wiki/Andrena,N/A,
"Andrena
angustitarsata",Mining bee,https://en.wikipedia.org/wiki/Andrena_angustitarsata,"http://www.beesofcanada.com/species/andrena-angustitarsata-viereck,-1904",https://en.wikipedia.org/wiki/Andrena,"http://www.beesofcanada.com/species/andrena-angustitarsata-viereck,-1904",
"Andrena
anisochlora",Mining bee,https://en.wikipedia.org/wiki/Andrena_anisochlora,"http://www.beesofcanada.com/species/andrena-anisochlora-cockerell,-1936",https://en.wikipedia.org/wiki/Andrena,"http://www.beesofcanada.com/species/andrena-anisochlora-cockerell,-1936",
"Andrena
astragali",Mining bee,https://en.wikipedia.org/wiki/Andrena_astragali,"http://www.beesofcanada.com/species/andrena-astragali-viereck-and-cockerell,-1914",https://en.wikipedia.org/wiki/Andrena,"http://www.beesofcanada.com/species/andrena-astragali-viereck-and-cockerell,-1914",
"Andrena
auricoma",Mining bee,https://en.wikipedia.org/wiki/Andrena_auricoma,"http://www.beesofcanada.com/species/andrena-auricoma-smith,-1879",https://en.wikipedia.org/wiki/Andrena,"http://www.beesofcanada.com/species/andrena-auricoma-smith,-1879",
"Andrena
buckelli",Mining bee,https://en.wikipedia.org/wiki/Andrena_buckelli,"http://www.beesofcanada.com/species/andrena-buckelli-viereck,-1924",https://en.wikipedia.org/wiki/Andrena,"http://www.beesofcanada.com/species/andrena-buckelli-viereck,-1924",
"Andrena
caerulea",Mining bee,https://en.wikipedia.org/wiki/Andrena_caerulea,"http://www.beesofcanada.com/species/andrena-caerulea-smith,-1879",https://en.wikipedia.org/wiki/Andrena,"http://www.beesofcanada.com/species/andrena-caerulea-smith,-1879",
"Andrena
candida",Mining bee,https://en.wikipedia.org/wiki/Andrena_candida,"http://www.beesofcanada.com/species/andrena-candida-smith,-1879",https://en.wikipedia.org/wiki/Andrena,"http://www.beesofcanada.com/species/andrena-candida-smith,-1879",
"Andrena
chlorogaster",Mining bee,https://en.wikipedia.org/wiki/Andrena_chlorogaster,"http://www.beesofcanada.com/species/andrena-chlorogaster-viereck,-1904",https://en.wikipedia.org/wiki/Andrena,"http://www.beesofcanada.com/species/andrena-chlorogaster-viereck,-1904",
"Andrena
chlorura",Mining bee,https://en.wikipedia.org/wiki/Andrena_chlorura,"http://www.beesofcanada.com/species/andrena-chlorura-cockerell,-1916-",https://en.wikipedia.org/wiki/Andrena,"http://www.beesofcanada.com/species/andrena-chlorura-cockerell,-1916-",
"Andrena
crataegi",Mining bee,https://en.wikipedia.org/wiki/Andrena_crataegi,"http://www.beesofcanada.com/species/andrena-crataegi-robertson,-1893",https://en.wikipedia.org/wiki/Andrena,"http://www.beesofcanada.com/species/andrena-crataegi-robertson,-1893",
"Andrena
cressonii",Mining bee,https://en.wikipedia.org/wiki/Andrena_cressonii,"http://www.beesofcanada.com/species/andrena-cressonii-infasciata-lanham,-1949",https://en.wikipedia.org/wiki/Andrena,"http://www.beesofcanada.com/species/andrena-cressonii-infasciata-lanham,-1949",
"Andrena
cupreotincta",Mining bee,https://en.wikipedia.org/wiki/Andrena_cupreotincta,"http://www.beesofcanada.com/species/andrena-cupreotincta-cockerell,-1901",https://en.wikipedia.org/wiki/Andrena,"http://www.beesofcanada.com/species/andrena-cupreotincta-cockerell,-1901",
"Andrena
evoluta",Mining bee,https://en.wikipedia.org/wiki/Andrena_evoluta,http://www.beesofcanada.com/species/andrena-evoluta-linsley-and-macswain-1961,https://en.wikipedia.org/wiki/Andrena,http://www.beesofcanada.com/species/andrena-evoluta-linsley-and-macswain-1961,
"Andrena
hemileuca",Mining bee,https://en.wikipedia.org/wiki/Andrena_hemileuca,"http://www.beesofcanada.com/species/andrena-hemileuca-viereck,-1904",https://en.wikipedia.org/wiki/Andrena,"http://www.beesofcanada.com/species/andrena-hemileuca-viereck,-1904",
"Andrena
lupinorum",Mining bee,https://en.wikipedia.org/wiki/Andrena_lupinorum,"http://www.beesofcanada.com/species/andrena-lupinorum-cockerell,-1906",https://en.wikipedia.org/wiki/Andrena,"http://www.beesofcanada.com/species/andrena-lupinorum-cockerell,-1906",
"Andrena
melanochroa",Mining bee,https://en.wikipedia.org/wiki/Andrena_melanochroa,"http://www.beesofcanada.com/species/andrena-melanochroa-cockerell,-1898",https://en.wikipedia.org/wiki/Andrena,"http://www.beesofcanada.com/species/andrena-melanochroa-cockerell,-1898",
"Andrena
merriami",Mining bee,https://en.wikipedia.org/wiki/Andrena_merriami,"http://www.beesofcanada.com/species/andrena-merriami-cockerell,-1901",https://en.wikipedia.org/wiki/Andrena,"http://www.beesofcanada.com/species/andrena-merriami-cockerell,-1901",
"Andrena
microchlora",Mining bee,https://en.wikipedia.org/wiki/Andrena_microchlora,"http://www.beesofcanada.com/species/andrena-microchlora-cockerell,-1922",https://en.wikipedia.org/wiki/Andrena,"http://www.beesofcanada.com/species/andrena-microchlora-cockerell,-1922",
"Andrena
miserabilis",Mining bee,https://en.wikipedia.org/wiki/Andrena_miserabilis,"http://www.beesofcanada.com/species/andrena-miserabilis-cresson,-1872",https://en.wikipedia.org/wiki/Andrena,"http://www.beesofcanada.com/species/andrena-miserabilis-cresson,-1872",
"Andrena
nigrihirta",Mining bee,https://en.wikipedia.org/wiki/Andrena_nigrihirta,"http://www.beesofcanada.com/species/andrena-nigrihirta-(ashmead,-1890)",https://en.wikipedia.org/wiki/Andrena,"http://www.beesofcanada.com/species/andrena-nigrihirta-(ashmead,-1890)",
"Andrena
nigrocaerulea",Mining bee,https://en.wikipedia.org/wiki/Andrena_nigrocaerulea,http://www.beesofcanada.com/species/andrena-nigrocaerulea,https://en.wikipedia.org/wiki/Andrena,http://www.beesofcanada.com/species/andrena-nigrocaerulea,
"Andrena
nivalis",Mining bee,https://en.wikipedia.org/wiki/Andrena_nivalis,"http://www.beesofcanada.com/species/andrena-nivalis-smith,-1853",https://en.wikipedia.org/wiki/Andrena,"http://www.beesofcanada.com/species/andrena-nivalis-smith,-1853",
"Andrena
pallidifovea",Mining bee,https://en.wikipedia.org/wiki/Andrena_pallidifovea,http://www.beesofcanada.com/species/andrena-pallidifovea,https://en.wikipedia.org/wiki/Andrena,http://www.beesofcanada.com/species/andrena-pallidifovea,
"Andrena
perplexa",Mining bee,https://en.wikipedia.org/wiki/Andrena_perplexa,"http://www.beesofcanada.com/species/andrena-perplexa-smith,-1853",https://en.wikipedia.org/wiki/Andrena,"http://www.beesofcanada.com/species/andrena-perplexa-smith,-1853",
"Andrena
prunorum",Mining bee,https://en.wikipedia.org/wiki/Andrena_prunorum,"http://www.beesofcanada.com/species/andrena-prunorum-prunorum-cockerell,-1896",https://en.wikipedia.org/wiki/Andrena,"http://www.beesofcanada.com/species/andrena-prunorum-prunorum-cockerell,-1896",
"Andrena
rufosignata",Mining bee,https://en.wikipedia.org/wiki/Andrena_rufosignata,"http://www.beesofcanada.com/species/andrena-rufosignata-cockerell,-1902",https://en.wikipedia.org/wiki/Andrena,"http://www.beesofcanada.com/species/andrena-rufosignata-cockerell,-1902",
"Andrena
saccata",Mining bee,https://en.wikipedia.org/wiki/Andrena_saccata,"http://www.beesofcanada.com/species/andrena-saccata-viereck,-1904",https://en.wikipedia.org/wiki/Andrena,"http://www.beesofcanada.com/species/andrena-saccata-viereck,-1904",
"Andrena
salicifloris",Mining bee,https://en.wikipedia.org/wiki/Andrena_salicifloris,"http://www.beesofcanada.com/species/andrena-salicifloris-cockerell,-1897",https://en.wikipedia.org/wiki/Andrena,"http://www.beesofcanada.com/species/andrena-salicifloris-cockerell,-1897",
"Andrena
schuhi",Mining bee,https://en.wikipedia.org/wiki/Andrena_schuhi,"http://www.beesofcanada.com/species/andrena-schuhi-laberge,-1980",https://en.wikipedia.org/wiki/Andrena,"http://www.beesofcanada.com/species/andrena-schuhi-laberge,-1980",
"Andrena
scurra",Mining bee,https://en.wikipedia.org/wiki/Andrena_scurra,"http://www.beesofcanada.com/species/andrena-scurra-viereck,-1904",https://en.wikipedia.org/wiki/Andrena,"http://www.beesofcanada.com/species/andrena-scurra-viereck,-1904",
"Andrena
sladeni",Mining bee,https://en.wikipedia.org/wiki/Andrena_sladeni,"http://www.beesofcanada.com/species/andrena-sladeni-viereck,-1924",https://en.wikipedia.org/wiki/Andrena,"http://www.beesofcanada.com/species/andrena-sladeni-viereck,-1924",
"Andrena
sola",Mining bee,https://en.wikipedia.org/wiki/Andrena_sola,"http://www.beesofcanada.com/species/andrena-sola-viereck,-1917",https://en.wikipedia.org/wiki/Andrena,"http://www.beesofcanada.com/species/andrena-sola-viereck,-1917",
"Andrena
subtilis",Mining bee,https://en.wikipedia.org/wiki/Andrena_subtilis,"http://www.beesofcanada.com/species/andrena-subtilis-smith,-1879",https://en.wikipedia.org/wiki/Andrena,"http://www.beesofcanada.com/species/andrena-subtilis-smith,-1879",
"Andrena
transnigra",Mining bee,https://en.wikipedia.org/wiki/Andrena_transnigra,"http://www.beesofcanada.com/species/andrena-transnigra-viereck,-1904",https://en.wikipedia.org/wiki/Andrena,"http://www.beesofcanada.com/species/andrena-transnigra-viereck,-1904",
"Andrena
trevoris",Mining bee,https://en.wikipedia.org/wiki/Andrena_trevoris,"http://www.beesofcanada.com/species/andrena-trevoris-cockerell,-1897",https://en.wikipedia.org/wiki/Andrena,"http://www.beesofcanada.com/species/andrena-trevoris-cockerell,-1897",
"Andrena
vicinoides",Mining bee,https://en.wikipedia.org/wiki/Andrena_vicinoides,http://www.beesofcanada.com/species/andrena-vicinoides,https://en.wikipedia.org/wiki/Andrena,http://www.beesofcanada.com/species/andrena-vicinoides,
"Andrena
vierecki",Mining bee,https://en.wikipedia.org/wiki/Andrena_vierecki,"http://www.beesofcanada.com/species/andrena-vierecki-cockerell,-1904",https://en.wikipedia.org/wiki/Andrena,"http://www.beesofcanada.com/species/andrena-vierecki-cockerell,-1904",
"Andrena
w-scripta",Mining bee,https://en.wikipedia.org/wiki/Andrena_w-scripta,"http://www.beesofcanada.com/species/andrena-w-scripta-viereck,-1904",https://en.wikipedia.org/wiki/Andrena,"http://www.beesofcanada.com/species/andrena-w-scripta-viereck,-1904",
"Anthaxia
inornata",Metallic wood boring beetles,https://en.wikipedia.org/wiki/Anthaxia_inornata,N/A,https://en.wikipedia.org/wiki/Buprestidae,N/A,
"Anthidium
manicatum",Carder bees,https://en.wikipedia.org/wiki/Anthidium_manicatum,http://www.beesofcanada.com/species/anthidium-manicatum,https://en.wikipedia.org/wiki/Anthidium,http://www.beesofcanada.com/species/anthidium-manicatum,
"Anthidium
tenuiflorae",Carder bees,https://en.wikipedia.org/wiki/Anthidium_tenuiflorae,http://www.beesofcanada.com/species/anthidium-tenuiflorae,https://en.wikipedia.org/wiki/Anthidium,http://www.beesofcanada.com/species/anthidium-tenuiflorae,
"Anthophora
pacifica",Digger bees,https://en.wikipedia.org/wiki/Anthophora_pacifica,"http://www.beesofcanada.com/species/anthophora-pacifica-cresson,-1878",https://en.wikipedia.org/wiki/Anthophorini,"http://www.beesofcanada.com/species/anthophora-pacifica-cresson,-1878",
"Apis
mellifera",Honey bee,https://en.wikipedia.org/wiki/Western_honey_bee,http://www.beesofcanada.com/species/apis-mellifera,https://en.wikipedia.org/wiki/Honey_bee,http://www.beesofcanada.com/species/apis-mellifera,
"Bembix
americana",Sand wasps,https://en.wikipedia.org/wiki/Bembix_americana,N/A,https://en.wikipedia.org/wiki/Bembicini,N/A,
"Bembix
occidentalis",Sand wasps,https://en.wikipedia.org/wiki/Bembix_occidentalis,N/A,https://en.wikipedia.org/wiki/Bembicini,N/A,
"Bombus
appositus",Bumble bees,https://en.wikipedia.org/wiki/Bombus_appositus,http://www.beesofcanada.com/species/bombus-appositus,https://en.wikipedia.org/wiki/Bumblebee,http://www.beesofcanada.com/species/bombus-appositus,
"Bombus
bifarius",Bumble bees,https://en.wikipedia.org/wiki/Bombus_bifarius,N/A,https://en.wikipedia.org/wiki/Bumblebee,N/A,
"Bombus
californicus",Bumble bees,https://en.wikipedia.org/wiki/Bombus_californicus,N/A,https://en.wikipedia.org/wiki/Bumblebee,N/A,
"Bombus
centralis",Bumble bees,https://en.wikipedia.org/wiki/Bombus_centralis,http://www.beesofcanada.com/species/bombus-centralis,https://en.wikipedia.org/wiki/Bumblebee,http://www.beesofcanada.com/species/bombus-centralis,
"Bombus
fervidus",Bumble bees,https://en.wikipedia.org/wiki/Bombus_fervidus,"http://www.beesofcanada.com/species/bombus-fervidus-(fabricius,-1798)",https://en.wikipedia.org/wiki/Bumblebee,"http://www.beesofcanada.com/species/bombus-fervidus-(fabricius,-1798)",
"Bombus
flavifrons",Bumble bees,https://en.wikipedia.org/wiki/Bombus_flavifrons,http://www.beesofcanada.com/species/bombus-flavifrons,https://en.wikipedia.org/wiki/Bumblebee,http://www.beesofcanada.com/species/bombus-flavifrons,
"Bombus
griseocollis",Bumble bees,https://en.wikipedia.org/wiki/Bombus_griseocollis,http://www.beesofcanada.com/species/bombus-griseocollis,https://en.wikipedia.org/wiki/Bumblebee,http://www.beesofcanada.com/species/bombus-griseocollis,
"Bombus
huntii",Bumble bees,https://en.wikipedia.org/wiki/Bombus_huntii,http://www.beesofcanada.com/species/bombus-huntii,https://en.wikipedia.org/wiki/Bumblebee,http://www.beesofcanada.com/species/bombus-huntii,
"Bombus
impatiens",Bumble bees,https://en.wikipedia.org/wiki/Bombus_impatiens,http://www.beesofcanada.com/species/bombus-impatiens,https://en.wikipedia.org/wiki/Bumblebee,http://www.beesofcanada.com/species/bombus-impatiens,
"Bombus
melanopygus",Bumble bees,https://en.wikipedia.org/wiki/Bombus_melanopygus,http://www.beesofcanada.com/species/bombus-melanopygus,https://en.wikipedia.org/wiki/Bumblebee,http://www.beesofcanada.com/species/bombus-melanopygus,
"Bombus
mixtus",Bumble bees,https://en.wikipedia.org/wiki/Bombus_mixtus,http://www.beesofcanada.com/species/bombus-mixtus,https://en.wikipedia.org/wiki/Bumblebee,http://www.beesofcanada.com/species/bombus-mixtus,
"Bombus
nevadensis",Bumble bees,https://en.wikipedia.org/wiki/Bombus_nevadensis,http://www.beesofcanada.com/species/bombus-nevadensis,https://en.wikipedia.org/wiki/Bumblebee,http://www.beesofcanada.com/species/bombus-nevadensis,
"Bombus
occidentalis",Bumble bees,https://en.wikipedia.org/wiki/Bombus_occidentalis,http://www.beesofcanada.com/species/bombus-occidentalis-occidentalis,https://en.wikipedia.org/wiki/Bumblebee,http://www.beesofcanada.com/species/bombus-occidentalis-occidentalis,
"Bombus
sitkensis",Bumble bees,https://en.wikipedia.org/wiki/Bombus_sitkensis,http://www.beesofcanada.com/species/bombus-sitkensis,https://en.wikipedia.org/wiki/Bumblebee,http://www.beesofcanada.com/species/bombus-sitkensis,
"Bombus
vandykei",Bumble bees,https://en.wikipedia.org/wiki/Bombus_vandykei,http://www.beesofcanada.com/species/bombus-vandykei,https://en.wikipedia.org/wiki/Bumblebee,http://www.beesofcanada.com/species/bombus-vandykei,
"Bombus
vosnesenskii",Bumble bees,https://en.wikipedia.org/wiki/Bombus_vosnesenskii,"http://www.beesofcanada.com/species/bombus-vosnesenskii-radoszkowski,-1862",https://en.wikipedia.org/wiki/Bumblebee,"http://www.beesofcanada.com/species/bombus-vosnesenskii-radoszkowski,-1862",
"Bombylius
major",Greater bee flies,https://en.wikipedia.org/wiki/Bombylius_major,N/A,https://en.wikipedia.org/wiki/Bombylius,N/A,
"Bombylius
xanthothrix",Greater bee flies,https://en.wikipedia.org/wiki/Bombylius_xanthothrix,N/A,https://en.wikipedia.org/wiki/Bombylius,N/A,
"Calliphora
aldrichia",Blow flies,https://en.wikipedia.org/wiki/Calliphora,N/A,https://en.wikipedia.org/wiki/Calliphora,N/A,
"Calypte
anna",Hummingbirds,https://en.wikipedia.org/wiki/Anna%27s_hummingbird,N/A,https://en.wikipedia.org/wiki/Hummingbird,N/A,
"Ceratina
acantha",Small carpenter bees,https://en.wikipedia.org/wiki/Ceratina_acantha,"http://www.beesofcanada.com/species/ceratina-acantha-provancher,-1895",https://en.wikipedia.org/wiki/Ceratina,"http://www.beesofcanada.com/species/ceratina-acantha-provancher,-1895",
"Ceratina
micheneri",Small carpenter bees,https://en.wikipedia.org/wiki/Ceratina_micheneri,"http://www.beesofcanada.com/species/ceratina-micheneri-daly,-1973",https://en.wikipedia.org/wiki/Ceratina,"http://www.beesofcanada.com/species/ceratina-micheneri-daly,-1973",
"Ceratina
nanula",Small carpenter bees,https://en.wikipedia.org/wiki/Ceratina_nanula,"http://www.beesofcanada.com/species/ceratina-nanula-cockerell,-1897",https://en.wikipedia.org/wiki/Ceratina,"http://www.beesofcanada.com/species/ceratina-nanula-cockerell,-1897",
"Ceratina
pacifica",Small carpenter bees,https://en.wikipedia.org/wiki/Ceratina_pacifica,http://www.beesofcanada.com/species/ceratina-pacifica,https://en.wikipedia.org/wiki/Ceratina,http://www.beesofcanada.com/species/ceratina-pacifica,
"Cheilosia
rita",Hoverfly,https://en.wikipedia.org/wiki/Ceratina,N/A,https://en.wikipedia.org/wiki/Ceratina,N/A,
"Chrysotoxum
fasciatus",Coloured hoverfly,https://en.wikipedia.org/wiki/Chrysotoxum_fasciatum,N/A,https://en.wikipedia.org/wiki/Chrysotoxum,N/A,
"Coelioxys
rufitarsis",Leafcutter cuckoo bees,https://en.wikipedia.org/wiki/Coelioxys_rufitarsis,"http://www.beesofcanada.com/species/coelioxys-rufitarsis-smith,-1854",https://en.wikipedia.org/wiki/Coelioxys,"http://www.beesofcanada.com/species/coelioxys-rufitarsis-smith,-1854",
"Colletes
consors",Plasterer bees,https://en.wikipedia.org/wiki/Colletes_consors,"http://www.beesofcanada.com/species/colletes-consors-mesocopus-swenk,-1907",https://en.wikipedia.org/wiki/Colletes,"http://www.beesofcanada.com/species/colletes-consors-mesocopus-swenk,-1907",
"Colletes
fulgidus",Plasterer bees,https://en.wikipedia.org/wiki/Colletes_fulgidus,"http://www.beesofcanada.com/species/colletes-fulgidus-fulgidus-swenk,-1904",https://en.wikipedia.org/wiki/Colletes,"http://www.beesofcanada.com/species/colletes-fulgidus-fulgidus-swenk,-1904",
"Colletes
kincaidii",Plasterer bees,https://en.wikipedia.org/wiki/Colletes_kincaidii,"http://www.beesofcanada.com/species/colletes-kincaidii-cockerell,-1898",https://en.wikipedia.org/wiki/Colletes,"http://www.beesofcanada.com/species/colletes-kincaidii-cockerell,-1898",
"Conophorus
columbiensis",Lesser bee flies,https://en.wikipedia.org/wiki/Conophorus_columbiensis,N/A,https://en.wikipedia.org/wiki/Conophorus,N/A,
"Conophorus
sackenii",Lesser bee flies,https://en.wikipedia.org/wiki/Conophorus_sackenii,N/A,https://en.wikipedia.org/wiki/Conophorus,N/A,
"Cortodera
subpilosa",Longhorn beetle,https://en.wikipedia.org/wiki/Cortodera_subpilosa,N/A,https://en.wikipedia.org/wiki/Longhorn_beetle,N/A,
"Dianthidium
subparvum",Resin bee,https://en.wikipedia.org/wiki/Dianthidium_subparvum,http://www.beesofcanada.com/species/dianthidium-subparvum,https://en.wikipedia.org/wiki/Dianthidium,http://www.beesofcanada.com/species/dianthidium-subparvum,
"Dolichovespula
arenaria",Yellowjackets,https://en.wikipedia.org/wiki/Dolichovespula_arenaria,N/A,https://en.wikipedia.org/wiki/Yellowjacket,N/A,
"Dolichovespula
maculata",Yellowjackets,https://en.wikipedia.org/wiki/Bald-faced_hornet,N/A,https://en.wikipedia.org/wiki/Yellowjacket,N/A,
"Dufourea
trochantera",Sweat bees,https://en.wikipedia.org/wiki/Halictidae,http://www.beesofcanada.com/species/dufourea-trochantera,https://en.wikipedia.org/wiki/Halictidae,http://www.beesofcanada.com/species/dufourea-trochantera,
"Epalpus
signifer",Tachinid flies,https://en.wikipedia.org/wiki/Epalpus_signifer,N/A,https://en.wikipedia.org/wiki/Tachinidae,N/A,
"Epeolus
minimus",Variegated cuckoo-bees,https://en.wikipedia.org/wiki/Epeolus_minimus,http://www.beesofcanada.com/species/epeolus-minimus,https://en.wikipedia.org/wiki/Epeolus,http://www.beesofcanada.com/species/epeolus-minimus,
"Eriozona
erraticus",Hoverflies,https://en.wikipedia.org/wiki/Hoverfly,N/A,https://en.wikipedia.org/wiki/Hoverfly,N/A,
"Eristalis
anthophorinus",Droneflies,https://en.wikipedia.org/wiki/Eristalis_anthophorina,N/A,https://en.wikipedia.org/wiki/Eristalis,N/A,
"Eristalis
arbustorum",Droneflies,https://en.wikipedia.org/wiki/Eristalis_arbustorum,N/A,https://en.wikipedia.org/wiki/Eristalis,N/A,
"Eristalis
brousii",Droneflies,https://en.wikipedia.org/wiki/Eristalis_brousii,N/A,https://en.wikipedia.org/wiki/Eristalis,N/A,
"Eristalis
dimidiatus",Droneflies,https://en.wikipedia.org/wiki/Eristalis_dimidiata,N/A,https://en.wikipedia.org/wiki/Eristalis,N/A,
"Eristalis
hirtus",Droneflies,https://en.wikipedia.org/wiki/Eristalis_hirta,N/A,https://en.wikipedia.org/wiki/Eristalis,N/A,
"Eristalis
obscurus",Droneflies,https://en.wikipedia.org/wiki/Eristalis_obscura,N/A,https://en.wikipedia.org/wiki/Eristalis,N/A,
"Eristalis
tenax",Droneflies,https://en.wikipedia.org/wiki/Eristalis_tenax,N/A,https://en.wikipedia.org/wiki/Eristalis,N/A,
"Eristalis
transversa",Droneflies,https://en.wikipedia.org/wiki/Eristalis_transversa,N/A,https://en.wikipedia.org/wiki/Eristalis,N/A,
"Erynnis
propertius",Duskywings,https://en.wikipedia.org/wiki/Erynnis_propertius,N/A,https://en.wikipedia.org/wiki/Coniopterygidae,N/A,
"Eucera
edwardsii",Long-horned bees,https://en.wikipedia.org/wiki/Eucera_edwardsii,"http://www.beesofcanada.com/species/eucera-edwardsii-(cresson,-1878)",https://en.wikipedia.org/wiki/Eucera,"http://www.beesofcanada.com/species/eucera-edwardsii-(cresson,-1878)",
"Eucera
frater",Long-horned bees,https://en.wikipedia.org/wiki/Eucera_frater,http://www.beesofcanada.com/species/eucera-frater-lata,https://en.wikipedia.org/wiki/Eucera,http://www.beesofcanada.com/species/eucera-frater-lata,
"Eucera
fulvitarsis",Long-horned bees,https://en.wikipedia.org/wiki/Eucera_fulvitarsis,"http://www.beesofcanada.com/species/eucera-fulvitarsis-(cresson,-1878)",https://en.wikipedia.org/wiki/Eucera,"http://www.beesofcanada.com/species/eucera-fulvitarsis-(cresson,-1878)",
"Eucera
virgata",Long-horned bees,https://en.wikipedia.org/wiki/Eucera,http://www.beesofcanada.com/species/eucera-virgata-(cockerell-1905),https://en.wikipedia.org/wiki/Eucera,http://www.beesofcanada.com/species/eucera-virgata-(cockerell-1905),
"Eumerus
narcissi",Hoverflies,https://en.wikipedia.org/wiki/Eumerus_narcissi,N/A,https://en.wikipedia.org/wiki/Hoverfly,N/A,
"Eupeodes
curtus",Hoverflies,https://en.wikipedia.org/wiki/Eupeodes_curtus,N/A,https://en.wikipedia.org/wiki/Hoverfly,N/A,
"Eupeodes
fumipennis/pomus",Hoverflies,https://en.wikipedia.org/wiki/Eupeodes_fumipennis,N/A,https://en.wikipedia.org/wiki/Hoverfly,N/A,
"Eupeodes
lapponicus",Hoverflies,https://en.wikipedia.org/wiki/Eupeodes_lapponicus,N/A,https://en.wikipedia.org/wiki/Hoverfly,N/A,
"Eupeodes
latifasciatus",Hoverflies,https://en.wikipedia.org/wiki/Eupeodes_latifasciatus,N/A,https://en.wikipedia.org/wiki/Hoverfly,N/A,
"Eupeodes
volucris",Hoverflies,https://en.wikipedia.org/wiki/Eupeodes_volucris,N/A,https://en.wikipedia.org/wiki/Hoverfly,N/A,
"Gymnosoma
fulginosa",Tachinid flies,https://en.wikipedia.org/wiki/Tachinidae,N/A,https://en.wikipedia.org/wiki/Tachinidae,N/A,
"Habropoda
cineraria",Mountain-diggers,https://en.wikipedia.org/wiki/Habropoda_cineraria,"http://www.beesofcanada.com/species/habropoda-cineraria-(smith,-1879)",https://en.wikipedia.org/wiki/Anthophorini,"http://www.beesofcanada.com/species/habropoda-cineraria-(smith,-1879)",
"Halictus
confusus",Sweat bees,https://en.wikipedia.org/wiki/Halictus_confusus,http://www.beesofcanada.com/species/halictus-confusus,https://en.wikipedia.org/wiki/Halictidae,http://www.beesofcanada.com/species/halictus-confusus,
"Halictus
farinosus",Sweat bees,https://en.wikipedia.org/wiki/Halictus_farinosus,http://www.beesofcanada.com/species/halictus-farinosus,https://en.wikipedia.org/wiki/Halictidae,http://www.beesofcanada.com/species/halictus-farinosus,
"Halictus
ligatus",Sweat bees,https://en.wikipedia.org/wiki/Halictus_ligatus,http://www.beesofcanada.com/species/halictus-ligatus,https://en.wikipedia.org/wiki/Halictidae,http://www.beesofcanada.com/species/halictus-ligatus,
"Halictus
rubicundus",Sweat bees,https://en.wikipedia.org/wiki/Halictus_rubicundus,http://www.beesofcanada.com/species/halictus-rubicundus,https://en.wikipedia.org/wiki/Halictidae,http://www.beesofcanada.com/species/halictus-rubicundus,
"Halictus
tripartitus",Sweat bees,https://en.wikipedia.org/wiki/Halictus_tripartitus,http://www.beesofcanada.com/species/halictus-tripartitus,https://en.wikipedia.org/wiki/Halictidae,http://www.beesofcanada.com/species/halictus-tripartitus,
"Helophilus
latifrons",Large hoverflies,https://en.wikipedia.org/wiki/Helophilus_latifrons,N/A,https://en.wikipedia.org/wiki/Helophilus,N/A,
"Heriades
carinatus",Small black resin bees,https://en.wikipedia.org/wiki/Heriades_carinatus,http://www.beesofcanada.com/species/heriades-carinata,https://en.wikipedia.org/wiki/Megachilidae,http://www.beesofcanada.com/species/heriades-carinata,
"Heriades
cressoni",Small black resin bees,https://en.wikipedia.org/wiki/Heriades_cressoni,http://www.beesofcanada.com/species/heriades-cressoni,https://en.wikipedia.org/wiki/Megachilidae,http://www.beesofcanada.com/species/heriades-cressoni,
"Hoplitis
grinnelli",Hoplitis bees,https://en.wikipedia.org/wiki/Hoplitis_grinnelli,http://www.beesofcanada.com/species/hoplitis-grinnelli-septentrionalis,https://en.wikipedia.org/wiki/Hoplitis,http://www.beesofcanada.com/species/hoplitis-grinnelli-septentrionalis,
"Hoplitis
sambuci",Hoplitis bees,https://en.wikipedia.org/wiki/Hoplitis_sambuci,http://www.beesofcanada.com/species/hoplitis-sambuci,https://en.wikipedia.org/wiki/Hoplitis,http://www.beesofcanada.com/species/hoplitis-sambuci,
"Hylaeus
basalis",Masked bees,https://en.wikipedia.org/wiki/Hylaeus_basalis,"http://www.beesofcanada.com/species/hylaeus-basalis-(smith,-1853)",https://en.wikipedia.org/wiki/Hylaeus_(bee),"http://www.beesofcanada.com/species/hylaeus-basalis-(smith,-1853)",
"Hylaeus
modestus",Masked bees,https://en.wikipedia.org/wiki/Hylaeus_modestus,http://www.beesofcanada.com/species/hylaeus-modestus-citrinifrons,https://en.wikipedia.org/wiki/Hylaeus_(bee),http://www.beesofcanada.com/species/hylaeus-modestus-citrinifrons,
"Lasioglossum
albipenne",Sweat bees,https://en.wikipedia.org/wiki/Lasioglossum_albipenne,"http://www.beesofcanada.com/species/lasioglossum-albipenne-(robertson,-1890)",https://en.wikipedia.org/wiki/Halictidae,"http://www.beesofcanada.com/species/lasioglossum-albipenne-(robertson,-1890)",
"Lasioglossum
athabascense",Sweat bees,https://en.wikipedia.org/wiki/Halictidae,http://www.beesofcanada.com/species/lasioglossum-athabascense,https://en.wikipedia.org/wiki/Halictidae,http://www.beesofcanada.com/species/lasioglossum-athabascense,
"Lasioglossum
brunneiventre",Sweat bees,https://en.wikipedia.org/wiki/Halictidae,"http://www.beesofcanada.com/species/lasioglossum-brunneiventre-(crawford,-1907)",https://en.wikipedia.org/wiki/Halictidae,"http://www.beesofcanada.com/species/lasioglossum-brunneiventre-(crawford,-1907)",
"Lasioglossum
cressonii",Sweat bees,https://en.wikipedia.org/wiki/Lasioglossum_cressonii,"http://www.beesofcanada.com/species/lasioglossum-cressonii-(robertson,-1890)",https://en.wikipedia.org/wiki/Halictidae,"http://www.beesofcanada.com/species/lasioglossum-cressonii-(robertson,-1890)",
"Lasioglossum
incompletum",Sweat bees,https://en.wikipedia.org/wiki/Halictidae,"http://www.beesofcanada.com/species/lasioglossum-incompletum-(crawford,-1907)",https://en.wikipedia.org/wiki/Halictidae,"http://www.beesofcanada.com/species/lasioglossum-incompletum-(crawford,-1907)",
"Lasioglossum
knereri",Sweat bees,https://en.wikipedia.org/wiki/Halictidae,"http://www.beesofcanada.com/species/lasioglossum-knereri-gibbs,-2010",https://en.wikipedia.org/wiki/Halictidae,"http://www.beesofcanada.com/species/lasioglossum-knereri-gibbs,-2010",
"Lasioglossum
laevissimum",Sweat bees,https://en.wikipedia.org/wiki/Halictidae,"http://www.beesofcanada.com/species/lasioglossum-laevissimum-(smith,-1853)",https://en.wikipedia.org/wiki/Halictidae,"http://www.beesofcanada.com/species/lasioglossum-laevissimum-(smith,-1853)",
"Lasioglossum
macroprosopum",Sweat bees,https://en.wikipedia.org/wiki/Halictidae,http://www.beesofcanada.com/species/lasioglossum-macroprosopum,https://en.wikipedia.org/wiki/Halictidae,http://www.beesofcanada.com/species/lasioglossum-macroprosopum,
"Lasioglossum
nevadense",Sweat bees,https://en.wikipedia.org/wiki/Halictidae,http://www.beesofcanada.com/species/lasioglossum-nevadense,https://en.wikipedia.org/wiki/Halictidae,http://www.beesofcanada.com/species/lasioglossum-nevadense,
"Lasioglossum
olympiae",Sweat bees,https://en.wikipedia.org/wiki/Lasioglossum_olympiae,http://www.beesofcanada.com/species/lasioglossum-olympiae,https://en.wikipedia.org/wiki/Halictidae,http://www.beesofcanada.com/species/lasioglossum-olympiae,
"Lasioglossum
pacatum",Sweat bees,https://en.wikipedia.org/wiki/Halictidae,http://www.beesofcanada.com/species/lasioglossum-pacatum,https://en.wikipedia.org/wiki/Halictidae,http://www.beesofcanada.com/species/lasioglossum-pacatum,
"Lasioglossum
pacificum",Sweat bees,https://en.wikipedia.org/wiki/Lasioglossum_pacificum,http://www.beesofcanada.com/species/lasioglossum-pacificum,https://en.wikipedia.org/wiki/Halictidae,http://www.beesofcanada.com/species/lasioglossum-pacificum,
"Lasioglossum
planatum",Sweat bees,https://en.wikipedia.org/wiki/Halictidae,http://www.beesofcanada.com/species/lasioglossum-planatum,https://en.wikipedia.org/wiki/Halictidae,http://www.beesofcanada.com/species/lasioglossum-planatum,
"Lasioglossum
prasinogaster",Sweat bees,https://en.wikipedia.org/wiki/Halictidae,http://www.beesofcanada.com/species/lasioglossum-prasinogaster,https://en.wikipedia.org/wiki/Halictidae,http://www.beesofcanada.com/species/lasioglossum-prasinogaster,
"Lasioglossum
pruinosum",Sweat bees,https://en.wikipedia.org/wiki/Lasioglossum_pruinosum,http://www.beesofcanada.com/species/lasioglossum-pruinosum,https://en.wikipedia.org/wiki/Halictidae,http://www.beesofcanada.com/species/lasioglossum-pruinosum,
"Lasioglossum
punctatoventre",Sweat bees,https://en.wikipedia.org/wiki/Halictidae,http://www.beesofcanada.com/species/lasioglossum-punctatoventre,https://en.wikipedia.org/wiki/Halictidae,http://www.beesofcanada.com/species/lasioglossum-punctatoventre,
"Lasioglossum
ruidosense",Sweat bees,https://en.wikipedia.org/wiki/Halictidae,http://www.beesofcanada.com/species/lasioglossum-ruidosense,https://en.wikipedia.org/wiki/Halictidae,http://www.beesofcanada.com/species/lasioglossum-ruidosense,
"Lasioglossum
sagax",Sweat bees,https://en.wikipedia.org/wiki/Halictidae,http://www.beesofcanada.com/species/lasioglossum-sagax,https://en.wikipedia.org/wiki/Halictidae,http://www.beesofcanada.com/species/lasioglossum-sagax,
"Lasioglossum
sedi",Sweat bees,https://en.wikipedia.org/wiki/Halictidae,"http://www.beesofcanada.com/species/lasioglossum-sedi-(sandhouse,-1924)",https://en.wikipedia.org/wiki/Halictidae,"http://www.beesofcanada.com/species/lasioglossum-sedi-(sandhouse,-1924)",
"Lasioglossum
sisymbrii",Sweat bees,https://en.wikipedia.org/wiki/Lasioglossum_sisymbrii,http://www.beesofcanada.com/species/lasioglossum-sisymbrii,https://en.wikipedia.org/wiki/Halictidae,http://www.beesofcanada.com/species/lasioglossum-sisymbrii,
"Lasioglossum
titusi",Sweat bees,https://en.wikipedia.org/wiki/Lasioglossum_titusi,http://www.beesofcanada.com/species/lasioglossum-titusi,https://en.wikipedia.org/wiki/Halictidae,http://www.beesofcanada.com/species/lasioglossum-titusi,
"Lasioglossum
villosulum",Sweat bees,https://en.wikipedia.org/wiki/Lasioglossum_villosulum,N/A,https://en.wikipedia.org/wiki/Halictidae,N/A,
"Lasioglossum
zonulum",Sweat bees,https://en.wikipedia.org/wiki/Lasioglossum_zonulum,http://www.beesofcanada.com/species/lasioglossum-zonulum,https://en.wikipedia.org/wiki/Halictidae,http://www.beesofcanada.com/species/lasioglossum-zonulum,
"Leptura
chrysocoma",Longhorn beetle,https://en.wikipedia.org/wiki/Longhorn_beetle,N/A,https://en.wikipedia.org/wiki/Longhorn_beetle,N/A,
"Lucilia
illustris",Green bottle flies,https://en.wikipedia.org/wiki/Lucilia_illustris,N/A,https://en.wikipedia.org/wiki/Green_bottle_fly,N/A,
"Lucilia
sericata",Green bottle flies,https://en.wikipedia.org/wiki/Common_green_bottle_fly,N/A,https://en.wikipedia.org/wiki/Green_bottle_fly,N/A,
"Megachile
brevis",Leafcutter bees,https://en.wikipedia.org/wiki/Megachile_brevis,http://www.beesofcanada.com/species/megachile-brevis,https://en.wikipedia.org/wiki/Megachilidae,http://www.beesofcanada.com/species/megachile-brevis,
"Megachile
frigida",Leafcutter bees,https://en.wikipedia.org/wiki/Megachile_frigida,http://www.beesofcanada.com/species/megachile-frigida-frigida,https://en.wikipedia.org/wiki/Megachilidae,http://www.beesofcanada.com/species/megachile-frigida-frigida,
"Megachile
gemula",Leafcutter bees,https://en.wikipedia.org/wiki/Megachile_gemula,http://www.beesofcanada.com/species/megachile-gemula,https://en.wikipedia.org/wiki/Megachilidae,http://www.beesofcanada.com/species/megachile-gemula,
"Megachile
melanophaea",Leafcutter bees,https://en.wikipedia.org/wiki/Megachile_melanophaea,http://www.beesofcanada.com/species/megachile-melanophaea,https://en.wikipedia.org/wiki/Megachilidae,http://www.beesofcanada.com/species/megachile-melanophaea,
"Megachile
perihirta",Leafcutter bees,https://en.wikipedia.org/wiki/Megachile_perihirta,http://www.beesofcanada.com/species/megachile-perihirta,https://en.wikipedia.org/wiki/Megachilidae,http://www.beesofcanada.com/species/megachile-perihirta,
"Megachile
relativa",Leafcutter bees,https://en.wikipedia.org/wiki/Megachile_relativa,http://www.beesofcanada.com/species/megachile-relativa,https://en.wikipedia.org/wiki/Megachilidae,http://www.beesofcanada.com/species/megachile-relativa,
"Megachile
rotundata",Leafcutter bees,https://en.wikipedia.org/wiki/Megachile_rotundata,"http://www.beesofcanada.com/species/megachile-rotundata-(fabricius,-1787)",https://en.wikipedia.org/wiki/Megachilidae,"http://www.beesofcanada.com/species/megachile-rotundata-(fabricius,-1787)",
"Melanostoma
mellinum",Hoverflies,https://en.wikipedia.org/wiki/Melanostoma_mellinum,N/A,https://en.wikipedia.org/wiki/Hoverfly,N/A,
"Melecta
thoracica",Digger-cuckoo bees,https://en.wikipedia.org/wiki/Melecta,"http://www.beesofcanada.com/species/melecta-thoracica-cresson,-1875",https://en.wikipedia.org/wiki/Melecta,"http://www.beesofcanada.com/species/melecta-thoracica-cresson,-1875",
"Meliscaeva
cinctella",Hoverflies,https://en.wikipedia.org/wiki/Meliscaeva_cinctella,N/A,https://en.wikipedia.org/wiki/Hoverfly,N/A,
"Melissodes
microsticta",Long-horned bees,https://en.wikipedia.org/wiki/Melissodes_microsticta,http://www.beesofcanada.com/species/melissodes-microsticta,https://en.wikipedia.org/wiki/Eucerini,http://www.beesofcanada.com/species/melissodes-microsticta,
"Merodon
equestris",Bulb fly,https://en.wikipedia.org/wiki/Merodon_equestris,N/A,https://en.wikipedia.org/wiki/Merodon,N/A,
"Mischocyttarus
flavitarsis",Mischocyttarus wasps,https://en.wikipedia.org/wiki/Mischocyttarus_flavitarsis,N/A,https://en.wikipedia.org/wiki/Mischocyttarus,N/A,
"Neorhynchocephalus
sackenii",Tangle-veined flies,https://en.wikipedia.org/wiki/Neorhynchocephalus_sackenii,N/A,https://en.wikipedia.org/wiki/Mischocyttarus_flavitarsis,N/A,
"Osmia
albolateralis",Mason bees,https://en.wikipedia.org/wiki/Osmia_albolateralis,"http://www.beesofcanada.com/species/osmia-albolateralis-cockerell,-1906",https://en.wikipedia.org/wiki/Mason_bee,"http://www.beesofcanada.com/species/osmia-albolateralis-cockerell,-1906",
"Osmia
atrocyanea",Mason bees,https://en.wikipedia.org/wiki/Osmia_atrocyanea,http://www.beesofcanada.com/species/osmia-atrocyanea,https://en.wikipedia.org/wiki/Mason_bee,http://www.beesofcanada.com/species/osmia-atrocyanea,
"Osmia
bakeri",Mason bees,https://en.wikipedia.org/wiki/Osmia_bakeri,N/A,https://en.wikipedia.org/wiki/Mason_bee,N/A,
"Osmia
bucephala",Mason bees,https://en.wikipedia.org/wiki/Osmia_bucephala,http://www.beesofcanada.com/species/osmia-bucephala,https://en.wikipedia.org/wiki/Mason_bee,http://www.beesofcanada.com/species/osmia-bucephala,
"Osmia
caerulescens",Mason bees,https://en.wikipedia.org/wiki/Osmia_caerulescens,http://www.beesofcanada.com/species/osmia-caerulescens-caerulescens,https://en.wikipedia.org/wiki/Mason_bee,http://www.beesofcanada.com/species/osmia-caerulescens-caerulescens,
"Osmia
californica",Mason bees,https://en.wikipedia.org/wiki/Osmia_californica,http://www.beesofcanada.com/species/osmia-californica,https://en.wikipedia.org/wiki/Mason_bee,http://www.beesofcanada.com/species/osmia-californica,
"Osmia
coloradensis",Mason bees,https://en.wikipedia.org/wiki/Osmia_coloradensis,http://www.beesofcanada.com/species/osmia-coloradensis,https://en.wikipedia.org/wiki/Mason_bee,http://www.beesofcanada.com/species/osmia-coloradensis,
"Osmia
cyanella",Mason bees,https://en.wikipedia.org/wiki/Osmia_cyanella,http://www.beesofcanada.com/species/osmia-cyanella,https://en.wikipedia.org/wiki/Mason_bee,http://www.beesofcanada.com/species/osmia-cyanella,
"Osmia
densa",Mason bees,https://en.wikipedia.org/wiki/Osmia_densa,http://www.beesofcanada.com/species/osmia-densa-densa,https://en.wikipedia.org/wiki/Mason_bee,http://www.beesofcanada.com/species/osmia-densa-densa,
"Osmia
dolerosa",Mason bees,https://en.wikipedia.org/wiki/Osmia_dolerosa,http://www.beesofcanada.com/species/osmia-dolerosa,https://en.wikipedia.org/wiki/Mason_bee,http://www.beesofcanada.com/species/osmia-dolerosa,
"Osmia
gabrielis",Mason bees,https://en.wikipedia.org/wiki/Osmia_gabrielis,"http://www.beesofcanada.com/species/osmia-gabrielis-cockerell,-1910",https://en.wikipedia.org/wiki/Mason_bee,"http://www.beesofcanada.com/species/osmia-gabrielis-cockerell,-1910",
"Osmia
kincaidii",Mason bees,https://en.wikipedia.org/wiki/Osmia_kincaidii,http://www.beesofcanada.com/species/osmia-kincaidii,https://en.wikipedia.org/wiki/Mason_bee,http://www.beesofcanada.com/species/osmia-kincaidii,
"Osmia
lignaria",Mason bees,https://en.wikipedia.org/wiki/Osmia_lignaria,http://www.beesofcanada.com/species/osmia-lignaria-propinqua,https://en.wikipedia.org/wiki/Mason_bee,http://www.beesofcanada.com/species/osmia-lignaria-propinqua,
"Osmia
malina",Mason bees,https://en.wikipedia.org/wiki/Osmia_malina,http://www.beesofcanada.com/species/osmia-malina,https://en.wikipedia.org/wiki/Mason_bee,http://www.beesofcanada.com/species/osmia-malina,
"Osmia
marginipennis",Mason bees,https://en.wikipedia.org/wiki/Osmia_marginipennis,http://www.beesofcanada.com/species/osmia-marginipennis,https://en.wikipedia.org/wiki/Mason_bee,http://www.beesofcanada.com/species/osmia-marginipennis,
"Osmia
montana",Mason bees,https://en.wikipedia.org/wiki/Osmia_montana,http://www.beesofcanada.com/species/osmia-montana-montana,https://en.wikipedia.org/wiki/Mason_bee,http://www.beesofcanada.com/species/osmia-montana-montana,
"Osmia
odontogaster",Mason bees,https://en.wikipedia.org/wiki/Osmia_odontogaster,http://www.beesofcanada.com/species/osmia-odontogaster,https://en.wikipedia.org/wiki/Mason_bee,http://www.beesofcanada.com/species/osmia-odontogaster,
"Osmia
proxima",Mason bees,https://en.wikipedia.org/wiki/Osmia_proxima,http://www.beesofcanada.com/species/osmia-proxima,https://en.wikipedia.org/wiki/Mason_bee,http://www.beesofcanada.com/species/osmia-proxima,
"Osmia
pusilla",Mason bees,https://en.wikipedia.org/wiki/Osmia_pusilla,http://www.beesofcanada.com/species/osmia-pusilla,https://en.wikipedia.org/wiki/Mason_bee,http://www.beesofcanada.com/species/osmia-pusilla,
"Osmia
sericea",Mason bees,https://en.wikipedia.org/wiki/Mason_bee,N/A,https://en.wikipedia.org/wiki/Mason_bee,N/A,
"Osmia
texana",Mason bees,https://en.wikipedia.org/wiki/Osmia_texana,http://www.beesofcanada.com/species/osmia-texana,https://en.wikipedia.org/wiki/Mason_bee,http://www.beesofcanada.com/species/osmia-texana,
"Osmia
trevoris",Mason bees,https://en.wikipedia.org/wiki/Osmia_trevoris,http://www.beesofcanada.com/species/osmia-trevoris,https://en.wikipedia.org/wiki/Mason_bee,http://www.beesofcanada.com/species/osmia-trevoris,
"Osmia
tristella",Mason bees,https://en.wikipedia.org/wiki/Osmia_tristella,http://www.beesofcanada.com/species/osmia-tristella-tristella,https://en.wikipedia.org/wiki/Mason_bee,http://www.beesofcanada.com/species/osmia-tristella-tristella,
"Panurginus
atriceps",Small mining bees,https://en.wikipedia.org/wiki/Panurginus_atriceps,"http://www.beesofcanada.com/species/panurginus-atriceps-(cresson,-1878)",https://en.wikipedia.org/wiki/Andrenidae,"http://www.beesofcanada.com/species/panurginus-atriceps-(cresson,-1878)",
"Perdita
fallax",Fairy bees,https://en.wikipedia.org/wiki/Perdita_fallax,"http://www.beesofcanada.com/species/perdita-fallax-cockerell,-1896",https://en.wikipedia.org/wiki/Perdita_(genus),"http://www.beesofcanada.com/species/perdita-fallax-cockerell,-1896",
"Pieris
rapae",Cabbage butterfly,https://en.wikipedia.org/wiki/Pieris_rapae,N/A,https://en.wikipedia.org/wiki/Pieris_rapae,N/A,
"Platycheirus
obscurus",Hoverflies,https://en.wikipedia.org/wiki/Platycheirus_obscurus,N/A,https://en.wikipedia.org/wiki/Hoverfly,N/A,
"Platycheirus
stegnus",Hoverflies,https://en.wikipedia.org/wiki/Platycheirus_stegnus,N/A,https://en.wikipedia.org/wiki/Hoverfly,N/A,
"Polistes
dominula",Paper wasp,https://en.wikipedia.org/wiki/European_paper_wasp,N/A,https://en.wikipedia.org/wiki/Polistes,N/A,
"Polistes
gallica",Paper wasp,https://en.wikipedia.org/wiki/Polistes_gallicus,N/A,https://en.wikipedia.org/wiki/Polistes,N/A,
"Protosmia
rubifloris",Protosmia bees,https://en.wikipedia.org/wiki/Protosmia_rubifloris,"http://www.beesofcanada.com/species/protosmia-rubifloris-(cockerell,-1898)",https://en.wikipedia.org/wiki/Protosmia,"http://www.beesofcanada.com/species/protosmia-rubifloris-(cockerell,-1898)",
"Rhynchites
bicolor",Leaf and bud weevils,https://en.wikipedia.org/wiki/Rhynchites,N/A,https://en.wikipedia.org/wiki/Rhynchites,N/A,
"Scaeva
pyrastri",Hoverflies,https://en.wikipedia.org/wiki/Scaeva_pyrastri,N/A,https://en.wikipedia.org/wiki/Hoverfly,N/A,
"Sphaerophoria
contigua",Hoverflies,https://en.wikipedia.org/wiki/Sphaerophoria_contigua,N/A,https://en.wikipedia.org/wiki/Hoverfly,N/A,
"Sphaerophoria
philanthus",Hoverflies,https://en.wikipedia.org/wiki/Sphaerophoria_philanthus,N/A,https://en.wikipedia.org/wiki/Hoverfly,N/A,
"Sphaerophoria
sulphuripes",Hoverflies,https://en.wikipedia.org/wiki/Sphaerophoria_sulphuripes,N/A,https://en.wikipedia.org/wiki/Hoverfly,N/A,
"Sphaerophoria
weemsi",Hoverflies,https://en.wikipedia.org/wiki/Sphaerophoria_weemsi,N/A,https://en.wikipedia.org/wiki/Hoverfly,N/A,
"Stelis
""albosignata""",Carder cuckoo bee ,https://en.wikipedia.org/wiki/Megachilidae,N/A,https://en.wikipedia.org/wiki/Megachilidae,N/A,
"Syritta
pipiens",Hoverflies,https://en.wikipedia.org/wiki/Syritta_pipiens,N/A,https://en.wikipedia.org/wiki/Hoverfly,N/A,
"Syrphidae
small",Hoverflies,https://en.wikipedia.org/wiki/Hoverfly,N/A,https://en.wikipedia.org/wiki/Hoverfly,N/A,
"Syrphus
opinator",Hoverflies,https://en.wikipedia.org/wiki/Syrphus_opinator,N/A,https://en.wikipedia.org/wiki/Hoverfly,N/A,
"Syrphus
ribesii",Hoverflies,https://en.wikipedia.org/wiki/Syrphus_ribesii,N/A,https://en.wikipedia.org/wiki/Hoverfly,N/A,
"Thymelicus
lineola",Skipper butterfly,https://en.wikipedia.org/wiki/Essex_skipper,N/A,https://en.wikipedia.org/wiki/Skipper_(butterfly),N/A,
"Toxomerus
marginatus",Hoverflies,https://en.wikipedia.org/wiki/Toxomerus_marginatus,N/A,https://en.wikipedia.org/wiki/Hoverfly,N/A,
"Toxomerus
occidentalis",Hoverflies,https://en.wikipedia.org/wiki/Toxomerus_occidentalis,N/A,https://en.wikipedia.org/wiki/Hoverfly,N/A,
"Trichodes
ornatus",Checkered beetles,https://en.wikipedia.org/wiki/Trichodes_ornatus,N/A,https://en.wikipedia.org/wiki/Cleridae,N/A,
"Vespula
atripilosa",Yellowjackets ,https://en.wikipedia.org/wiki/Vespula_atropilosa,N/A,https://en.wikipedia.org/wiki/Yellowjacket,N/A,
"Vespula
vulgaris",Yellowjackets ,https://en.wikipedia.org/wiki/Vespula_vulgaris,N/A,https://en.wikipedia.org/wiki/Yellowjacket,N/A,
"Volucella
bombylans",Bumblebee hoverfly,https://en.wikipedia.org/wiki/Volucella_bombylans,N/A,https://en.wikipedia.org/wiki/Hoverfly,N/A,