plant_sp,count,plant_order,plant_family,native_inv,Life form,restriction,color,inflor_type,col_guild,Colour Category,Multicoloured,symmetry,inflor_size,Inflorescence size,flowersize: range (mm),flowersize midoint (mm),Measurement type,flowersize (secondary): range (mm),flowersize (secondary): midpoint (mm),Measurement type (secondary),breeding,Inflorescence units,Pollination Mechanism,NOTES
Camassia quamash,3468,Asparagales,Asparagaceae,native,herb,no,"pale to deep blue, rarely white",raceme,purple,B,0,radial,medium,5 to many,30-80,55,p2,,,,p,,animal,
Camassia leichtlinii,2917,Asparagales,Asparagaceae,native,herb,no,"pale to deep blue, rarely white",raceme,purple,B,0,radial,medium,5 to many,40-80,60,p2,,,,p,,animal,info for C. leichtlinii ssp. Sukdorfii; genus sometimes included in liliaceae (BCFlora)
Hypochaeris radicata,2421,Asterales,Asteraceae,non-native,herb,no,bright yellow or grayish green,head,yellow,Y,0,radial,high,1,20-30,25,p2,,,,p,,animal,introduced
Plectritis congesta,1627,Dipsacales,Valerianaceae,native,herb,yes,white to pale or dark pink,head,pink,W,0,bilateral,medium,,1.5-9.5,5.5,l,,,,p,,animal,
Lomatium utriculatum,987,Apiales,Apiaceae,native,herb,no,bright yellow,umbel,yellow,Y,0,radial,high,,,,,,,,p,,animal,
Symphoricarpus albus,819,Dipsacales,Caprifoliaceae,native,shrub,yes,pink to white,raceme,pink,,,radial,high,,,,,,,,,,animal,
Ranunculus occidentalis,811,Raunculales,Ranunculaceae,native,herb,no,yellow,cyme,yellow,Y,0,radial,medium,,26-Oct,18,p2,,,,p,,animal,info for R. occidentalis var. occidentalis
Cytisus scoparius,795,Fabales,Fabaceae,non-native,herb,yes,"yellow, sometimes purple-tinged or two-toned yellow and red",along branch,yellow,Y,0,bilateral,high,3-Jan,~20,20,l,,,,p,,animal,introduced
Achillea millefolium,762,Asterales,Asteraceae,native,herb,no,"ray florets white or light pink to deep purple, disk florets white to grayish white",head,white,W,0,radial,high,"3-8, and 10-20",1.5-3,2.25,"l, R",2-4.5,3.25,"l, D",o,"ray florets, and disc florets",animal,"ray florets pistillate and fertile, disc florets bisexual and fertile"
Eriophyllum lanatum,601,Asterales,Asteraceae,native,herb,no,"ray florets golden yellow to yellow, disc florets yellow",head,yellow,Y,0,radial,high,"8-13 or sometimes 0, and 20-300",20-Jun,13,"l, R",2.5-5,3.75,"l, D",o,"ray florets, and disc florets",animal,"ray florets pistillate and fertile, disc florets bisexual and fertile; info for E. lanatum var. leucophyllum"
Rubus discolor,597,Rosales,Rosaceae,non-native,woody vine,no,white,terminal cluster,,,,,,,,,,,,,,,,
Lomatium nudicaule,531,Apiales,Apiaceae,native,herb,no,yellow,umbel,yellow,Y,0,radial,high,,,,,,,,p,,animal,
Rosa nutkana,474,Rosales,Rosaceae,native,shrub,no,pink,solitary,,,,radial,,,,,,,,,,,,
Trifolium repens,436,Fabales,Fabaceae,non-native,herb,yes,creamy white to pinkish,head,pink,W,0,bilateral,medium,15-25,10-May,7.5,l,,,,p,mm,animal,introduced
Leucanthemum vulgare,413,Asterales,Asteraceae,non-native,herb,no,"ray florets white, disc florets yellow",head,white,W,1,radial,high,"Usually 13-34+ rarely 0, and 120-200+",12-35+,23.5,"l, R",,,,o,"ray florets, and disc florets",animal,"ray florets pistillate and fertile, disc florets bisexual and fertile; introduced"
Zygadenus venenosus,368,Liliales,Melanthiaceae,native,herb,no,yellow,raceme,yellow,,,radial,high,,,,,,,,,,,
Potentilla gracilis,350,Rosales,Rosaceae,native,herb,no,yellow,cyme,yellow,Y,0,radial,medium,,20-Dec,16,p2,,,,p,,animal,
Vaccinium corymbosum,325,Ericales,Ericaceae,non-native,shrub,yes,pink,clusters,,,,,,,,,,,,,,,,
Ranunculus repens,317,Raunculales,Ranunculaceae,non-native,herb,no,yellow,cyme,,,,radial,,,,,,,,,,,,
Lupinus arcticus,311,Fabales,Fabaceae,native,herb,yes,"blue, purple",raceme,,,,bilateral,,,,,,,,,,,,
Lavendula,266,Lamiales,Lamiaceae,non-native,herb,yes,various,various,,,,,,,,,,,,,,,,
Holodiscus discolor,251,Rosales,Rosaceae,native,shrub,no,white,terminal cluster,,,,,,,,,,,,,,,,
Cerastium arvense,244,Brassicales,Brassicaceae,native,herb,no,white,cyme,white,,,radial,low,,,,,,,,,,,
Taraxacum officinale,234,Asterales,Asteraceae,non-native,herb,no,yellow to yellow-orange,head,yellow,Y,0,radial,high,40-100+,15-22,18.5,l,,,,p,florets,animal,no disc florets; introduced
Rhododendron,230,Ericales,Ericaceae,native,shrub,no,"pink, white, purple",umbel,,,,,,,,,,,,,,,,
Brodiaea hyacinthina,217,Liliales,Liliaceae,native,herb,no,white,umbel,white,,,radial,medium,,,,,,,,,,,
Eriogonum heracleoides,209,Caryophyllales,Polygonaceae,native,herb,no,"white, cream, creamy yellow",umbel,,,,,,,,,,,,,,,,
Lotus corniculatus,190,Fabales,Fabaceae,non-native,herb,yes,yellow,umbel,,,,bilateral,,,,,,,,,,,,
Geranium molle,179,Geraniales,Geraniaceae,non-native,herb,no,pink,solitary,pink,P,0,radial,low,2,10-Jun,8,p2,,,,p,,animal,introduced
Sidalcea virgata,174,Malvales,Malvaceae,native,herb,no,Pinkish-white,raceme,pink,,,radial,medium,,,,,,,,,,,
Collinsia parviflora,171,Lamiales,Scrophulariaceae,native,herb,yes,"blue, purple, bicoloured",raceme,blue,,,bilateral,medium,,,,,,,,,,,
Phacelia linearis,164,Boraginales,Boraginaceae,native,herb,no,purple,cyme,,,,,,,,,,,,,,,,
Rubus spectabilis,161,Rosales,Rosaceae,native,shrub,no,white or pinkish,solitary,,,,,,,,,,,,,,,,
"Lomatium triternatum, L. ambiguum",160,Apiales,Apiaceae,native,herb,no,yellow,umbel,,,,radial,,,,,,,,,,,,
Eschscholzia californica,160,Raunculales,Papaveraceae,native,herb,no,orange,solitary,,,,,,,,,,,,,,,,
Arctostaphylos uva-ursi,157,Ericales,Ericaceae,native,shrub,yes,Pinkish-white,terminal cluster,white,P,0,radial,high,,6-Apr,5,l,,,,p,,animal,
Vicia sativa,157,Fabales,Fabaceae,non-native,herb,yes,purple to whitish,solitary,purple,B,0,bilateral,low,3-Jan,15-25,20,l,,,,p,,animal,introduced
Linum lewisii,152,Liliales,Linaceae,native,herb,no,blue,raceme,blue,B,0,radial,low,,20-46,33,p2,,,,p,,animal,info for L. lewisii ssp. Lewisii
Heracleum maximum,149,Apiales,Apiaceae,native,herb,no,white,umbel,white,W,0,radial,high,,,,,,,,p,,animal,
Chamerion angustifolium,149,Myrtales,Onagraceae,native,herb,no,"purple, pink",raceme,,,,,,,,,,,,,,,,Epilobium angustifolium old name
Fragaria virginiana,144,Rosales,Rosaceae,native,herb,no,white,solitary,white,W,0,radial,low,15-Feb,24-Aug,16,p2,,,,p,,animal,
Vicia cracca,138,Fabales,Fabaceae,non-native,herb,yes,purple,raceme,,,,,,,,,,,,,,,,
Saxifraga integrifolia,136,Saxifragales,Saxifragaceae,native,herb,no,whitish or yellowish,head,white,W,0,radial,medium,15-20 plus,8-Apr,6,p2,,,,p,,animal,aka Micranthes integrifolia (Flora NA)
Phacelia tanacetifolia,134,Boraginales,Boraginaceae,native,herb,no,"blue, lavender",cyme,,,,,,,,,,,,,,,,
Calochortus macrocarpus,133,Liliales,Liliaceae,native,herb,no,pink to purple rarely white,solitary,,P,0,radial,,3-Jan,60-70,65,p2,,,,p,,animal,info for C. macrocarpus var. macrocarpus
Rubus ursinus,133,Rosales,Rosaceae,native,woody vine,no,white,terminal cluster,,,,,,,,,,,,,,,,
Brassica - yellow,129,Brassicales,Brassicaceae,non-native,herb,no,yellow,raceme,,,,,,,,,,,,,,,,
Delphinium menziesii,127,Raunculales,Ranunculaceae,native,herb,yes,"upper petals pale blue or white, lower petals blue, sepals blue to purple",raceme,purple,B,0,bilateral,medium,15-Mar,26-40,33,p2,,,,p,,animal,"flowersize: data from sepals, spur length = 11-17 mm long; info for D. menziesii ssp. Menziesii"
Ribes cereum,123,Saxifragales,Grossulariaceae,native,shrub,yes,pink,cluster,,,,,,,,,,,,,,,,
Gaillardia aristata,121,Asterales,Asteraceae,native,herb,no,yellow and red,head,,,,,,,,,,,,,,,,
Erigeron pumilus,119,Asterales,Asteraceae,native,herb,no,blue and yellow,head,,,,,,,,,,,,,,,,
Craetagus douglasii,116,Rosales,Rosaceae,native,shrub,no,white,terminal cluster,,,,,,,,,,,,,,,,
Trifolium pratens,114,Fabales,Fabaceae,non-native,herb,yes,pinkish red,head,,,,bilateral,,,,,,,,,,,,
Ranunculus orthorhynchus,113,Raunculales,Ranunculaceae,native,herb,no,"yellow or red on the back, yellow above",cyme,yellow,Y,0,radial,low,,16-36,26,p2,,,,p,,animal,
Cornus stolonifera,112,Cornales,Cornaceae,native,shrub,no,white,terminal cluster,,,,,,,,,,,,,,,,
Lomatium macrocarpum,109,Apiales,Apiaceae,native,herb,no,"white, cream",umbel,,,,radial,,,,,,,,,,,,
Prunella vulgaris,107,Lamiales,Lamiaceae,non-native,herb,yes,Blue-violet or occasionally pink or white,raceme,purple,B,0,bilateral,medium,,15-Oct,12.5,l,,,,p/m?,,animal,floralsize for bisexual flowers (8-11mm for male)
Capsella bursa-pastoris,105,Brassicales,Brassicaceae,non-native,herb,no,white,raceme,white,W,0,radial,medium,,8-Mar,5.5,p2,,,,p,,animal,introduced
Montia parvifolia,101,Caryophyllales,Portulacaceae,native,herb,no,pink or white,raceme,white,,,radial,low,,,,,,,,,,,
Sanicula crassicaulis,96,Apiales,Apiaceae,native,herb,no,yellow or sometimes purplish,umbel,yellow,Y,0,radial,medium,<10,,,,,,,p,mm wide,animal,
Balsamorhiza sagittata,96,Asterales,Asteraceae,native,herb,no,"ray florets yellow to orange, disc florets yellow to orange",head,yellow,Y,0,radial,high,"5-21+, and 15-150+",20-40,30,"l, R",,,,o,"ray florets, and disc florets",animal,"ray florets pistillate and fertile, disc florets bisexual and fertile"
Erigeron subtrinervis,92,Asterales,Asteraceae,native,herb,no,purple and yellow,head,,,,,,,,,,,,,,,,
Erica,92,Ericales,Ericaceae,non-native,shrub,yes,various,various,,,,,,,,,,,,,,,,
Cotoneaster,91,Rosales,Rosaceae,non-native,shrub,no,white to pink,solitary or in corymbs,,,,,,,,,,,,,,,,
Lonicera involucrata,90,Dipsacales,Caprifoliaceae,native,shrub,yes,yellow,pairs,,,,,,,,,,,,,,,,
Epilobium ciliatum,90,Myrtales,Onograceae,native,herb,no,"purple, white",raceme,white,,,radial,low,,,,,,,,,,,
Bellis perennis,89,Asterales,Asteraceae,non-native,herb,no,"ray florets white, disc florets pale yellow",head,white,W,1,radial,high,"35-90, and 60-80+",11-Apr,7.5,"l, R",1.5,1.5,"l, D",o,"ray florets, and disc florets",animal,"ray florets pistillate and fertile, disc florets bisexual and fertile; introduced"
Crataegus monogyna,88,Rosales,Rosaceae,non-native,shrub,no,white,raceme,,,,,,,,,,,,,,,,
Amelanchier alnifolia,87,Rosales,Rosaceae,native,shrub,no,white,terminal cluster,,,,,,,,,,,,,,,,
Symphoricarpos sp.,84,Dipsacales,Caprifoliaceae,native,shrub,yes,white to pink,shrub,pink,,,radial,high,,,,,,,,,,,
Thymus,83,Lamiales,Lamiaceae,non-native,herb,yes,"yellow, white, or purple",head,,,,,,,,,,,,,,,,
Allium acuminatum,82,Liliales,Liliaceae,native,herb,no,pink,umbel,pink,,,radial,medium,,,,,,,,,,,
Aster,81,Asterales,Asteraceae,non-native,herb,no,various,head,,,,,,,,,,,,,,,,
Allium cernuum,80,Liliales,Liliaceae,native,herb,no,pink to rose-purple or whitish,umbel,,,,,,,,,,,,,,,,
Crepis atrabarba,79,Asterales,Asteraceae,native,herb,no,yellow,head,,,,,,,,,,,,,,,,
Brodiaea coronaria,78,Liliales,Liliaceae,native,herb,no,purple,umbel,,,,,,,,,,,,,,,,
Ceanothus,77,Rosales,Rhamnaceae,native*,shrub,no,blue or white,terminal panicle,,,,,,,,,,,,,,,,
Spirea douglasii ssp. Douglasii,77,Rosales,Rosaceae,native,shrub,no,pink,terminal cluster,,,,,,,,,,,,,,,,
Arbutus menziesii,76,Ericales,Ericaceae,native,tree,yes,white or pinkish,drooping terminal clusters,,,,,,,,,,,,,,,,
Rosa pisocarpa,76,Rosales,Rosaceae,native,shrub,no,pink,shrub,pink,P,0,radial,high,10-Jan,30-50,40,d,,,,p,,animal,Flowersize: 24-40 mm p2 (BCFlora)
Collinsia grandiflora,76,Lamiales,Scrophulariaceae,native,herb,yes,"blue, purple, bicoloured",raceme,blue,,,bilateral,medium,,,,,,,,,,,
Linaria purpurea,74,Lamiales,Plantaginaceae,non-native,herb,yes,purple,raceme,,,,,,,,,,,,,,,,
"Lithophragma glabrum, L. parviflorum",74,Saxifragales,Saxifragaceae,native,herb,no,white to pink,raceme,,,,radial,,,,,,,,,,,,
Hyacinthoides,73,Asparagales,Asparagaceae,non-native,herb,no,blue,raceme,,,,,,,,,,,,,,,,
Centaurea (garden),72,Asterales,Asteraceae,non-native,herb,no,blue to deep violet,head,,,,,,,,,,,,,,,,
Cirsium vulgare,72,Asterales,Asteraceae,non-native,herb,no,"purple, rarely white",head,,B,0,radial,,25-200+,25-35,30,l,14-Oct,12,p2,p,florets,animal,"introduced; inflorescence thistle shaped, size ~2x corolla length = 50-75 mm (JP)"
Plagiobothrys spp,71,Boraginales,Boraginaceae,native,herb,no,white,cyme,white,,,radial,medium,,,,,,,,,,,
Campanula,71,Asterales,Campanulaceae,both,herb,no,blue to purple,varies,,,,,,,,,,,,,,,,
Dodecatheon hendersonii,71,Ericales,Primulaceae,native,herb,yes,"deep magenta to lighter in colour, grading to yellow",umbel,pink,B,0,radial,low,15-Feb,30-50,40,p2,,,,p,,animal,info for D. hendersonii ssp. Hendersonii
Myosotis,70,Boraginales,Boraginaceae,both,herb,no,various,cyme,,,,,,,,,,,,,,,,
Sedum spathulifolium,70,Saxifragales,Crassulaceae,native,herb,no,bright yellow,cyme,yellow,Y,0,radial,medium,~30,14-20,17,p2,,,,p,,animal,
Mahonia aquifolium,69,Raunculales,Berberidaceae,native,herb,no,yellow,shrub,yellow,Y,0,radial,high,,30-80,55,l,,,,p,,animal,used raceme size for floral display
Claytonia perfoliata,69,Caryophyllales,Portulacaceae,native,herb,no,pink or white,raceme,white,,,radial,medium,,,,,,,,,,,
Calendula,64,Asterales,Asteraceae,non-native,herb,no,yellow,head,,,,,,,,,,,,,,,,
Crepis capillaris,63,Asterales,Asteraceae,non-native,herb,no,deep yellow,head,yellow,Y,0,radial,high,1,16-24,20,p2,,,,p,,animal,introduced; no disc florets; flowersize actually head/inflorescence size
Rubus parviflora,63,Rosales,Rosaceae,native,shrub,no,white,terminal cluster,,,,,,,,,,,,,,,,
Lomatium dissectum,61,Apiales,Apiaceae,native,herb,no,yellow or purple,umbel,purple,Y,0,radial,high,,,,,,,,p,,animal,
Ranunculus aquatilis,60,Raunculales,Ranunculaceae,native,herb,no,white or yellow at the base,solitary,yellow,W,0,radial,low,1,20-Aug,14,p2,,,,p,,animal,
Salvia,59,Lamiales,Lamiaceae,non-native,herb,yes,purple,spike,,,,,,,,,,,,,,,,
Potentilla recta,59,Rosales,Rosaceae,non-native,herb,no,yellow,terminal cluster,yellow,,,radial,,,,,,,,,,,,
Mimulus guttatus,59,Lamiales,Scrophulariaceae,native,herb,yes,yellow,raceme,yellow,,,bilateral,low,,,,,,,,,,,
Madia gracilis,58,Asterales,Asteraceae,native,herb,no,"ray florets lemon yellow or greenish yellow, disc florets yellow",head,yellow,Y,0,radial,medium,"3-10, and 2-16+",1.5-8,4.75,"l, R",2.5-5,3.75,"l, D",o,"ray florets, and disc florets",animal,"ray florets pistillate and fertile, disc florets bisexual and fertile"
Lomatium triternatum,55,Apiales,Apiaceae,native,herb,no,yellow,umbel,yellow,Y,0,radial,high,,,,,,,,p,,animal,
Sisymbrium loeselii,53,Brassicales,Brassicaceae,non-native,herb,no,yellow,raceme,,,,radial,,,,,,,,,,,,
Sisyrinchium idahoense,53,Asparagales,Iridaceae,native,herb,no,pale blue to deep purple or deep violet-purple,umbel,blue,B,0,radial,low,7-Feb,20-40,30,p2,,,,p,,animal,flowersize: tubes 1-2 mm long (BCFlora)
Erigeron linearis,52,Asterales,Asteraceae,native,herb,no,yellow,head,,,,,,,,,,,,,,,,
Marah oreganus,52,Cucurbitales,Cucurbitaceae,native,woody vine,no,white,terminal cluster,,,,,,,,,,,,,,,,
Geranium (garden),52,Geraniales,Geraniaceae,non-native,herb,no,purple,solitary,,,,,,,,,,,,,,,,
Myosotis scorpioides,51,Boraginales,Boraginaceae,non-native,herb,no,"Sky-blue, rarely white",cyme,blue,B,0,radial,medium,,10-Apr,7,d,,,,p,,animal,introduced
Purshia tridentata,51,Rosales,Rosaceae,native,shrub,no,yellow to cream,along branch,,,,,,,,,,,,,,,,
Centaurea sp.,50,Asterales,Asteraceae,non-native,herb,no,varies,head,,,,,,,,,,,,,,,,
Erigeron filifolis,50,Asterales,Asteraceae,native,herb,no,blue (white or pink),head,,,,,,,,,,,,,,,,
Heterotheca villosa,50,Asterales,Asteraceae,native,herb,no,yellow,head,,,,,,,,,,,,,,,,
Escallonia,50,Escalloniales,Escalloniaceae,non-native,shrub,yes,pink,terminal cluster,,,,,,,,,,,,,,,,
Lupinus albicaulis,50,Fabales,Fabaceae,native,herb,yes,white,raceme,purple,,,bilateral,medium,,,,,,,,,,,
Mentha,50,Lamiales,Lamiaceae,non-native,herb,yes,white to purple,head,,,,,,,,,,,,,,,,
Rosa gymnocarpa,50,Rosales,Rosaceae,native,shrub,no,pink,solitary,,,,radial,,,,,,,,,,,,
Mahonia nervosa,49,Raunculales,Berberidaceae,native,shrub,no,yellow,shrub,yellow,,,radial,high,,,,,,,,,,,
Origanum vulgare,49,Lamiales,Lamiaceae,non-native,herb,yes,purple,spike,,,,,,,,,,,,,,,,
Arctostaphylos columbiana,48,Ericales,Ericaceae,native,shrub,yes,white or pinkish,terminal clusters,,W,0,radial,,,7-Jun,6.5,l,,,,p,,animal,
Gaultheria shallon,47,Ericales,Ericaceae,native,shrub,yes,purple,raceme,,,,,,,,,,,,,,,,
Erigeron speciosus,46,Asterales,Asteraceae,native,herb,no,"ray florets blue to lavender, disc florets yellow",head,blue,B,1,radial,high,"75-150, and 25-450",16-Aug,12,"l, R",5-Apr,4.5,"l, D",o,"ray florets, and disc florets",animal,"ray florets pistillate and fertile, disc florets bisexual and fertile"
Sidalcea campestris,46,Malvales,Malvaceae,native,herb,no,white,raceme,white,,,radial,medium,,,,,,,,,,,
Lewisia rediviva,46,Caryophyllales,Montiaceae,native,herb,no,"pink, white, purple",solitary,,,,,,,,,,,,,,,,
Rosmarinus,44,Lamiales,Lamiaceae,non-native,herb,yes,purple,spike,,,,,,,,,,,,,,,,
Heuchera cylindrica,42,Saxifragales,Saxifragaceae,native,herb,no," pale yellow, cream, green or pink",spike,,,,,,,,,,,,,,,,
Balsamorhiza deltoidea,41,Asterales,Asteraceae,native,herb,no,"ray florets yellow to orange, disc florets yellow to orange",head,yellow,Y,0,radial,high,"5-21+, and 15-150+",20-50,35,"l, R",,,,o,"ray florets, and disc florets",animal,"ray florets pistillate and fertile, disc florets bisexual and fertile"
Cirsium arvense,41,Asterales,Asteraceae,non-native,herb,no,purple (or white or pink),head,purple,B,0,radial,high,25-200+,11-Aug,9.5,"l, P",14-20,17,"l, S",o,florets,animal,"Introduced; inflorescence thistle shaped, size ~2x corolla length = 28-40 mm (JP)"
Borago,41,Boraginales,Boraginaceae,non-native,herb,yes,purple-blue,cyme,,,,,,,,,,,,,,,,
Lithospermum ruderale,41,Boraginales,Boraginaceae,native,herb,no,yellow,raceme,,,,,,,,,,,,,,,,
Vicia hirsuta,41,Fabales,Fabaceae,non-native,herb,yes,"white, pale blue",raceme,,,,,,,,,,,,,,,,
Lithophragma parviflorum,41,Saxifragales,Saxifragaceae,native,herb,no,white or pinkish to purplish,raceme,white,W,0,radial,low,11-May,20-Oct,15,p2,,,,p,,animal,info for L. parviflorum var. parviflorum
Digitalis purpurea,41,Lamiales,Scrophulariaceae,non-native,herb,no,purple* various,raceme,purple,,,bilateral,high,,,,,,,,,,,
Minuartia tenella,40,Lamiales,Scrophulariaceae,native,herb,yes,white,cyme,,,,,,,,,,,,,,,,
Barbarea orthoceras,38,Brassicales,Brassicaceae,native,herb,no,pale yellow,spike,yellow,Y,0,radial,medium,,10-Jun,8,p2,,,,p,,animal,
Symphoricarpos mollis,38,Dipsacales,Caprifoliaceae,native,shrub,yes,white to pink,shrub,pink,,,radial,high,,,,,,,,,,,
Pieris,38,Ericales,Ericaceae,non-native,shrub,yes,"pink, white",cluster,,,,,,,,,,,,,,,,
Allium amplectens,38,Liliales,Liliaceae,native,herb,no,white to pink,umbel,pink,,,radial,medium,,,,,,,,,,,
Parentucellia viscosa,38,Lamiales,Orobanchaceae,non-native,herb,yes,yellow,raceme,yellow,Y,0,bilateral,medium,,15-20,17.5,l,,,,p,,animal,introduced; genus sometimes included in Scrophulariaceae (BCFlora)
Antennaria umbrinella,37,Asterales,Asteraceae,native,herb,,"light brown, sometimes white or streaked with pink",head,,,,,,,,,,,,,,,,
Hypochaeris sp.,37,Asterales,Asteraceae,non-native,herb,no,yellow orange,head,,,,radial,,,,,,,,,,,,
Cakile maritima,36,Brassicales,Brassicaceae,non-native,herb,no,"purple, lilac, or white",raceme,,,,,,,,,,,,,,,,
Hebe pinguifolia,36,Lamiales,Plantaginaceae,non-native,shrub,yes,varies,spike,,,,,,,,,,,,,,,,
Lathyrus hirsutus,35,Fabales,Fabaceae,non-native,herb,yes,"pink, blue, bicoloured",solitary,pink,,,bilateral,low,,,,,,,,,,,
Lupinus sericeus,35,Fabales,Fabaceae,native,herb,yes,"purple, blue, white or yellow",raceme,,,,bilateral,,,,,,,,,,,,
Agoseris sp.,34,Asterales,Asteraceae,native,herb,no,"orange, yellow",head,,,,,,,,,,,,,,,,
Erysimum,34,Brassicales,Brassicaceae,native,herb,no,yellow,varies,,,,,,,,,,,,,,,,
Senecio integerrimus,33,Asterales,Asteraceae,native,herb,no,yellow,head,,,,,,,,,,,,,,,,
Lupinus sulphureus,33,Fabales,Fabaceae,native,herb,yes,yellow,raceme,purple,Y,0,bilateral,medium,,,,l,,,,p,,animal,
Rubus garden sp.,33,Rosales,Rosaceae,non-native,shrub,no,pink,terminal cluster,,,,,,,,,,,,,,,,
Hypericum perforatum,32,Malpighiales,Hypericaceae,non-native,herb,no,yellow,cyme,,,,,,,,,,,,,,,,
Delphinium nuttallii,32,Raunculales,Ranunculaceae,native,herb,yes,purple,raceme,purple,,,bilateral,medium,,,,,,,,,,,
Calochortus tolmiei,31,Liliales,Liliaceae,native,herb,no,"white, light blue",solitary,white,,,radial,low,,,,,,,,,,,
Montia linearis,31,Caryophyllales,Portulacaceae,native,herb,no,pink or white,raceme,white,,,radial,medium,,,,,,,,,,,
Ranunculus glaberrimus,31,Raunculales,Ranunculaceae,native,herb,no,yellow,cyme,,,,radial,,,,,,,,,,,,
Physocarpus capitatus,31,Rosales,Rosaceae,native,shrub,no,white,umbel,,,,,,,,,,,,,,,,
Rubus laciniatus,31,Rosales,Rosaceae,non-native,shrub,no,pink or white,terminal cluster,,,,,,,,,,,,,,,,
Stellaria graminea,30,Caryophyllales,Caryophylaceae,native,herb,no,white,solitary,,,,,,,,,,,,,,,,
Trifolium wildenowii,30,Fabales,Fabaceae,native,herb,yes,purple,head,,,,,,,,,,,,,,,,
Linaria genistifolia ssp dalmatica,28,Lamiales,Plantaginaceae,non-native,herb,yes,yellow,raceme,,,,,,,,,,,,,,,,
Vicia villosa,27,Fabales,Fabaceae,non-native,herb,yes,Reddish-purple to two-toned violet and white,raceme,purple,B,0,bilateral,medium,10-60,18-Dec,15,l,,,,p,,animal,introduced; info for V. villosa ssp. Villosa
Potentilla glandulosa,27,Rosales,Rosaceae,native,herb,no,yellow to cream or whitish,cyme,yellow,Y,0,radial,medium,,18-Oct,14,p2,,,,p,,animal,
Digitalis,27,Lamiales,Scrophulariaceae,non-native,herb,no,purple* various,raceme,,,,,,,,,,,,,,,,
Lathyrus palustris,25,Fabales,Fabaceae,native,herb,yes,pinkish purple,raceme,,,,bilateral,,,,,,,,,,,,
Medicago lupulina,25,Fabales,Fabaceae,non-native,herb,yes,yellow,head,,,,,,,,,,,,,,,,
Geranium dissectum,25,Geraniales,Geraniaceae,non-native,herb,no,pink to purplish,solitary,pink,P,0,radial,low,2,10-Aug,9,p2,,,,p,,animal,introduced
Nepeta,25,Lamiales,Lamiaceae,non-native,herb,yes,"blue, white, pink, or lilac",spike,,,,,,,,,,,,,,,,
Stachys bizantia,25,Lamiales,Lamiaceae,non-native,herb,no,purple,spike,,,,,,,,,,,,,,,,
Penstemon palmeri,25,Lamiales,Plantaginaceae,native,herb,yes,various,raceme,,,,,,,,,,,,,,,,
Grindelia integrifolia,24,Asterales,Asteraceae,native,herb,no,yellow,head,,,,,,,,,,,,,,,,
Sonchus arvensis,24,Asterales,Asteraceae,non-native,herb,no,yellow,head,,,,,,,,,,,,,,,,
Potentilla anserina,24,Rosales,Rosaceae,native,herb,no,yellow,cyme,,,,radial,,,,,,,,,,,,
Achillea,23,Asterales,Asteraceae,native,herb,no,"white, yellow",head,,,,,,,,,,,,,,,,
Anaphalis margaritacea,23,Asterales,Asteraceae,native,herb,no,"pearly white, sometimes with a dark basal spot; disk flowers yellowish",head,,,,,,,,,,,,,,,,
Anthemis cotula,23,Asterales,Asteraceae,non-native,herb,no,"ray florets white, disc florets usually yellow",head,white,W,1,radial,high,10-15 and 100-300,5-15+,10,"l, R",2-2.5,2.25,"l, D",o,ray florets and disc florets,animal,"ray florets styliferous and sterile, disc florets  bisexual; introduced"
Tanacetum vulgare,23,Asterales,Asteraceae,non-native,herb,no,yellow,head,,,,,,,,,,,,,,,,
Phacelia,22,Boraginales,Boraginaceae,native,herb,no,various,cyme,,,,,,,,,,,,,,,,
Daucus pusillius,21,Apiales,Apiaceae,native,herb,no,white,umbel,,,,,,,,,,,,,,,,
Symphytum officinale,21,Boraginales,Boraginaceae,non-native,herb,yes,"blue, purple",cluster,,,,,,,,,,,,,,,,
Hesperis matronalis,21,Brassicales,Brassicaceae,non-native,herb,no,purple,raceme,,,,,,,,,,,,,,,,
Lepidium heterophyllum,21,Brassicales,Brassicaceae,non-native,herb,no,white,raceme,white,W,0,radial,medium,,6-May,5.5,p2,,,,p,,animal,introduced
Melilotus alba,21,Fabales,Fabaceae,non-native,herb,yes,white,raceme,,,,,,,,,,,,,,,,
Trifolium incarnatum,21,Fabales,Fabaceae,non-native,herb,yes,red,spike,,,,bilateral,,,,,,,,,,,,
Penstemon,21,Lamiales,Plantaginaceae,native,herb,yes,various,various,,,,,,,,,,,,,,,,
Mimulus alsinoides,21,Lamiales,Scrophulariaceae,native,herb,yes,yelllow,solitary,yellow,,,bilateral,low,,,,,,,,,,,
Veronica officinalis,21,Lamiales,Scrophulariaceae,non-native,herb,no,pale violet,raceme,blue,,,bilateral,medium,,,,,,,,,,,
Cotinus,20,Sapindales,Anacardiaceae,non-native,shrub,no,grayish-buff,terminal panicle,,,,,,,,,,,,,,,,
Lithodora,20,Boraginales,Boraginaceae,non-native,shrub,yes,blue or white,solitary,,,,,,,,,,,,,,,,
Trifolium hybridum,20,Fabales,Fabaceae,non-native,herb,yes,pink or white,head,,,,bilateral,,,,,,,,,,,,
Erodium cicutarium,20,Geraniales,Geraniaceae,non-native,herb,no,"pink to purple, sometimes white",solitary,purple,P,0,radial,low,8-Feb,16-Jun,11,p2,,,,p,,animal,introduced
Allium schoenoprasum,20,Liliales,Liliaceae,native,herb,no,pink to purple,head,,,,,,,,,,,,,,,,
Lavatera,20,Malvales,Malvaceae,non-native,various,no,"pink, white, red",solitary,,,,,,,,,,,,,,,,
Fragaria,20,Rosales,Rosaceae,native,herb,no,white,solitary,,,,,,,,,,,,,,,,
Fragaria chiloensis,20,Rosales,Rosaceae,native,herb,no,white,solitary,,,,,,,,,,,,,,,,
Sorbus,20,Rosales,Rosaceae,both,tree,no,white,terminal cluster,,,,,,,,,,,,,,,,
Veronica scutellata,20,Lamiales,Scrophulariaceae,native,herb,no,"white, blue, purplish",raceme,blue,,,bilateral,medium,,,,,,,,,,,
Lomatium bradshawii,19,Apiales,Apiaceae,native,herb,no,yellow,umbel,yellow,,,radial,high,,,,,,,,,,,
Eriogonum niveum,19,Asterales,Asteraceae,native,herb,no,"white, pink or reddish",head,,,,,,,,,,,,,,,,
Lotus pinnatus,19,Fabales,Fabaceae,native,herb,yes,yellow and cream,umbel,yellow,Y,0,bilateral,low,12-Mar,15-Oct,12.5,l,,,,p,,animal,
Geranium robertianum,19,Geraniales,Geraniaceae,non-native,herb,no,pink,solitary,,,,,,,,,,,,,,,,
Philadelphus lewisii,19,Cornales,Hydrangeaceae,native,shrub,no,white,terminal cluster,,,,,,,,,,,,,,,,
Hypericum,19,Malpighiales,Hypericaceae,both,herb,no,yellow,umbel,,,,,,,,,,,,,,,,
Iris tenax,19,Asparagales,Iridaceae,native,herb,yes,blue,solitary,purple,,,radial,low,,,,,,,,,,,
Ranunculus acris,19,Raunculales,Ranunculaceae,non-native,herb,no,yellow,cyme,,,,radial,,,,,,,,,,,,
Arabis,18,Brassicales,Brassicaceae,native,herb,no,white,raceme,,,,,,,,,,,,,,,,
Castilleja levisecta,18,Lamiales,Scrophulariaceae,native,herb,yes,yellow,raceme,yellow,,,bilateral,medium,,,,,,,,,,,
Cerastium semidecandrum,17,Brassicales,Brassicaceae,non-native,herb,no,white,cyme,,,,,,,,,,,,,,,,
Kolkwitzia amabilis,17,Dipsacales,Caprifoliaceae,non-native,shrub,no,pink,along branch,,,,,,,,,,,,,,,,
Laburnum,17,Fabales,Fabaceae,non-native,tree,yes,yellow,raceme,,,,,,,,,,,,,,,,
Dichelostemma capitatum,17,Liliales,Liliaceae,native,herb,yes,blue,umbel,blue,,,radial,low,,,,,,,,,,,
Dodecatheon pulchellum ssp cusickii,17,Ericales,Primulaceae,native,herb,yes,"pink, red",umbel,,,,,,,,,,,,,,,,
Veronica serpyllifolia,17,Lamiales,Scrophulariaceae,both,herb,no,white and blue,raceme,blue,,,bilateral,medium,,,,,,,,,,,
Cerastium glomeratum,16,Brassicales,Brassicaceae,non-native,herb,no,white,cyme,,,,,,,,,,,,,,,,
Erythronium oregonum,16,Liliales,Liliaceae,native,herb,no,white with some yellow or orange at the base,solitary,yellow,W,1,radial,low,3-Jan,70-100,85,p2,,,,p,,animal,info for E. oregonum sp. Oregonum
Phlox longifolia,16,Ericales,Polemoniaceae,native,herb,yes,pink to white,terminal cluster,,,,,,,,,,,,,,,,
Ranunculus (garden),16,Raunculales,Ranunculaceae,non-native,herb,no,yellow,cyme,,,,radial,,,,,,,,,,,,
Spiraea,16,Rosales,Rosaceae,native,shrub,no,various,terminal cluster,,,,,,,,,,,,,,,,
Geum macrophyllum,15,Rosales,Rosaceae,native,herb,no,yellow,clusters,,,,,,,,,,,,,,,,
Malus,15,Rosales,Rosaceae,both,tree,no,pink or white,terminal cluster,,,,radial,,,,,,,,,,,,
Rudbeckia,14,Asterales,Asteraceae,native,herb,no,yellow,head,,,,,,,,,,,,,,,,
Isotoma fluviatilis,14,Asterales,Campanulaceae,non-native,herb,no,white,solitary,,,,,,,,,,,,,,,,
Sedum,14,Saxifragales,Crassulaceae,native,herb,no,yellow,cyme,,,,radial,,,,,,,,,,,,
Hydrangea,14,Cornales,Hydrangeaceae,non-native,shrub,no,various,terminal cluster,,,,,,,,,,,,,,,,
Polygonum lapathifolium,14,Caryophyllales,Polygonaceae,non-native,herb,no,pink,spike,,,,,,,,,,,,,,,,
Tanacetum parthenium,13,Asterales,Asteraceae,non-native,herb,no,white and yellow,head,,,,,,,,,,,,,,,,
Sisymbrium altissium,13,Brassicales,Brassicaceae,non-native,herb,no,yellow,terminal cluster,,,,radial,,,,,,,,,,,,
Opuntia fragilis,13,Caryophyllales,Cactaceae,native,herb,no,yellow orange,solitary,,,,,,,,,,,,,,,,
Claytonia lanceolata,13,Caryophyllales,Montiaceae,native,herb,no,white or pinkish or with pink veins,raceme,,,,,,,,,,,,,,,,
Dodecatheon pulchellum,13,Ericales,Primulaceae,native,herb,yes,"lobes (white) purplish-lavender, tubes yellowish usually with purplish lines",umbel,pink,B,1,radial,low,25-Jan,20-40,30,p2,,,,p,,animal,
Senecio,12,Asterales,Asteraceae,native,herb,no,yellow,head,,,,,,,,,,,,,,,,
Sonchus asper,12,Asterales,Asteraceae,non-native,herb,no,yellow,head,,,,,,,,,,,,,,,,
Moeringia macrophylla,12,Caryophyllales,Caryophylaceae,native,herb,no,white,cyme,,,,,,,,,,,,,,,,
Allium sativum,12,Liliales,Liliaceae,non-native,herb,no,white to pink,umbel,,,,,,,,,,,,,,,,
Gilia tricolor,12,Ericales,Polemoniaceae,native,herb,no,"blue, white, purple",cluster,,,,,,,,,,,,,,,,
Cotoneaster franchetii,12,Rosales,Rosaceae,non-native,shrub,no,white and pink,corymbs,,,,,,,,,,,,,,,,
Sanicula bipinnatifida,11,Apiales,Apiaceae,native,herb,no,purple,umbel,purple,B,0,radial,medium,,,,,,,,p,,animal,
Layia platyglossa,11,Asterales,Asteraceae,native,herb,no,yellow,head,,,,,,,,,,,,,,,,
Mertensia longiflora,11,Boraginales,Boraginaceae,native,herb,yes,blue,cluster,,,,,,,,,,,,,,,,
Pratia purpurascens,11,Asterales,Campanulaceae,non-native,herb,no,white,solitary,,,,,,,,,,,,,,,,
Potentilla,11,Rosales,Rosaceae,both,varies,no,various,cyme or terminal cluster,,,,radial,,,,,,,,,,,,
Phuopsis stylosa,11,Gentianales,Rubiaceae,non-native,herb,yes,pink,terminal cluster,,,,,,,,,,,,,,,,
Foeniculum vulgare,10,Apiales,Apiaceae,non-native,herb,no,yellow,umbel,,,,,,,,,,,,,,,,
Cichorium intybus,10,Asterales,Asteraceae,non-native,herb,no,blue,head,,,,,,,,,,,,,,,,
Symphytum sp.,10,Boraginales,Boraginaceae,non-native,herb,yes,various,cluster,,,,,,,,,,,,,,,,
Centranthus ruber,10,Dipsacales,Caprifoliaceae,non-native,herb to shrub,yes,brick red or purplish red,clusters,,,,,,,,,,,,,,,,
Lupinus perennis,10,Fabales,Fabaceae,native,herb,yes,"white, blue*, purple, or pink",raceme,,,,bilateral,,,,,,,,,,,,
Allium aflatuense,10,Liliales,Liliaceae,non-native,herb,no,purple,umbel,,,,,,,,,,,,,,,,
Fuschia,10,Myrtales,Onagraceae,non-native,herb,no,"red, purple",cluster,,,,,,,,,,,,,,,,
Veronica beccabunga,10,Lamiales,Scrophulariaceae,non-native,herb,no,blue pink,raceme,,,,bilateral,,,,,,,,,,,,
Carduus sp.,9,Asterales,Asteraceae,non-native,herb,no,"purple, pink, white",head,,,,,,,,,,,,,,,,
Nemophila menzeisii,9,Boraginales,Boraginaceae,native,herb,no,"white, or blue",solitary,white,,,radial,low,,,,,,,,,,,
Weigela,9,Dipsacales,Caprifoliaceae,non-native,shrub or tree,yes,"red, pink, or white",corymbs,,,,,,,,,,,,,,,,
Ribes sanguineum,9,Saxifragales,Grossulariaceae,native,shrub,yes,red,cluster,,,,,,,,,,,,,,,,
Ranunculus alismifolius,9,Raunculales,Ranunculaceae,native,herb,no,yellow,cyme,yellow,Y,0,radial,low,,28-Oct,19,p2,,,,p,,animal,info for R. alismifolius var. alismifolius
Choisya ternata,9,Sapindales,Rutaceae,non-native,shrub,no,white,terminal cluster,,,,,,,,,,,,,,,,
Antirrhinum,9,Lamiales,Scrophulariaceae,non-native,herb,yes,various,raceme,,,,,,,,,,,,,,,,
Rhus glabra,8,Sapindales,Anacardiaceae,native,Shrub,no,green,panicle,,,,,,,,,,,,,,,,
Oenanthe sarmentosa,8,Apiales,Apiaceae,native,herb,no,white,umbel,,,,,,,,,,,,,,,,
Antennaria microphylla,8,Asterales,Asteraceae,native,herb,no,white,head,,,,,,,,,,,,,,,,
Doronicum,8,Asterales,Asteraceae,non-native,herb,no,yellow,head,,,,,,,,,,,,,,,,
Lobelia,8,Asterales,Campanulaceae,non-native,herb,yes,various,various,,,,,,,,,,,,,,,,
Convulvulus arvensis,8,Solanales,Convolvulaceae,non-native,vine,no,"white, pale pink",solitary,,,,,,,,,,,,,,,,
Allium molle,8,Liliales,Liliaceae,non-native,herb,no,pink,umbel,,,,,,,,,,,,,,,,
Syringia,8,Lamiales,Oleaceae,non-native,shrub,yes,various,terminal cluster,,,,,,,,,,,,,,,,
Epilobium angustifolium,8,Myrtales,Onagraceae,native,herb,no,"purple, pink",raceme,,,,,,,,,,,,,,,,needs to be added to CHAN
Linanthus bicolor,8,Ericales,Polemoniaceae,native,herb,yes,Pink-purple or white with a yellow eye,solitary,pink,P,0,radial,low,,8-Apr,6,p2,,,,p,,animal,Not in original list! Corolla length = 12-30mm (BCFlora)
Polygonum persicaria,8,Caryophyllales,Polygonaceae,non-native,herb,no,pink,spike,,,,,,,,,,,,,,,,
Anenome,8,Raunculales,Ranunculaceae,both,herb,no,various,various,,,,,,,,,,,,,,,,
Geum aleppicum,8,Rosales,Rosaceae,native,herb,no,yellow,clusters,,,,,,,,,,,,,,,,
Prunus sp.,8,Rosales,Rosaceae,both,shrub,no,pink,terminal cluster,,,,radial,,,,,,,,,,,,
Saxifraga,8,Saxifragales,Saxifragaceae,native,herb,no,"white, yellowish",raceme,,,,radial,,,,,,,,,,,,
Monarda didyma,8,Lamiales,Scrophulariaceae,non-native,herb,yes,various,head,,,,,,,,,,,,,,,,
Styrax japonicus,8,Ericales,Styracaceae,non-native,tree,no,white,terminal cluster,,,,,,,,,,,,,,,,
Viburnum,7,Dipsacales,Adoxaceae,both,shrub or tree,no,white or pink,corymb,,,,,,,,,,,,,,,,
Dahlia,7,Asterales,Asteraceae,non-native,herb,no,various,head,,,,,,,,,,,,,,,,
Sonchus sp.,7,Asterales,Asteraceae,non-native,herb,no,yellow,head,,,,,,,,,,,,,,,,
Tagetas,7,Asterales,Asteraceae,non-native,herb,no,various,head,,,,,,,,,,,,,,,,
Impatiens glandulifera,7,Ericales,Balsaminaceae,non-native,herb,yes,whitish to red,solitary,,,,,,,,,,,,,,,,
Abelia,7,Dipsacales,Caprifoliaceae,non-native,shrub,yes,pink or white,cyme,white to pink,,,radial,low,8-Jan,,,,,,,,,,deprecated genus
Linnaea borealis,7,Dipsacales,Caprifoliaceae,native,herb,no,pink,pairs,,,,,,,,,,,,,,,,
Silene hookerii,7,Caryophyllales,Caryophylaceae,native,herb,no,white or pinkish,solitary,,,,,,,,,,,,,,,,
Euonymus,7,Celastrales,Celastraceae,non-native,tree,yes,"green, yellow, pink or maroon",solitary,,,,,,,,,,,,,,,,
Astragalus sp.,7,Fabales,Fabaceae,native,herb,yes,various,raceme,,,,,,,,,,,,,,,,
Vicia tetrasperma,7,Fabales,Fabaceae,non-native,herb,yes,lavender to bluish-white,raceme,purple,B,0,bilateral,low,3-Jan,6-Apr,5,l,,,,p,,animal,introduced
Geranium columbinum,7,Geraniales,Geraniaceae,non-native,herb,no,purple,solitary,purple,B,0,radial,low,,16-20,18,p2,,,,p,,animal,introduced
Philadelphus,7,Cornales,Hydrangeaceae,native,shrub,no,white,terminal cluster,,,,,,,,,,,,,,,,
Triteleia howellii,7,Liliales,Liliaceae,native,herb,yes,"blue, white",umbel,,,,,,,,,,,,,,,,
Clarkia gracilis,7,Myrtales,Onograceae,native,herb,no,pink,raceme,pink,,,radial,low,,,,,,,,,,,
Rhinanthus minor,7,Lamiales,Orobanchaceae,native,herb,yes,yellow,raceme,,,,,,,,,,,,,,,,
Malus fusca,7,Rosales,Rosaceae,native,tree,no,pink or white,terminal cluster,,,,radial,,,,,,,,,,,,
Galium boreale,7,Gentianales,Rubiaceae,native,herb,no,Creamy-white,cyme,white,W,0,radial,high,,3.5-7,5.25,d,,,,d,,animal,introduced
Salix sp.,7,Sapindales,Salicaceae,native,tree,no,"yellow, greenish",catkin,,,,,,,,,,,,,,,,
Saxifraga occidentalis,7,Saxifragales,Saxifragaceae,native,herb,no,white to pink,terminal cluster,,,,radial,,,,,,,,,,,,
Castilleja thomsonii,7,Lamiales,Scrophulariaceae,native,herb,yes,yellow,raceme,,,,,,,,,,,,,,,,
Plectritis macrocera,7,Dipsacales,Valerianaceae,native,herb,yes,pink or white,terminal clusters,,,,,,,,,,,,,,,,
Camassia sp.,6,Asparagales,Asparagaceae,native,herb,no,purple,raceme,purple,,,radial,medium,,,,,,,,,,,
Hypochaeris glabra,6,Asterales,Asteraceae,non-native,herb,no,yellow,head,,,,radial,,,,,,,,,,,,
Solidago canadensis,6,Asterales,Asteraceae,native,herb,no,yellow,head,,,,,,,,,,,,,,,,
Convolvulus sepium,6,Solanales,Convolvulaceae,non-native,vine,no,"white, pale pink",solitary,,,,,,,,,,,,,,,,
Phlomis russeliana,6,Lamiales,Lamiaceae,non-native,herb,yes,yellow,clusters,,,,,,,,,,,,,,,,
Bacopa,6,Raunculales,Plantaginaceae,non-native,herb,no,various,solitary,,,,,,,,,,,,,,,,
Clematis,6,Raunculales,Ranunculaceae,native,vine,no,various,solitary,,,,,,,,,,,,,,,,
Sorbus aucuparia,6,Rosales,Rosaceae,non-native,tree,no,white,terminal cluster,,,,,,,,,,,,,,,,
Buddleja globosa,6,Lamiales,Scrophulariaceae,non-native,herb,no,orange,head,,,,,,,,,,,,,,,,
Castilleja miniata,6,Lamiales,Scrophulariaceae,native,herb,yes,red,spike,,,,,,,,,,,,,,,,
Brassica campestris,5,Brassicales,Brassicaceae,,herb,no,,,,,,,,,,,,,,,,,,
Lathyrus sphaericus,5,Fabales,Fabaceae,,herb,yes,Orange-red,solitary,pink,OR,0,bilateral,low,1,~10,10,l,,,,p,,animal,introduced
Clarkia purpurea,5,Myrtales,Onograceae,,herb,no,,raceme,purple,,,radial,low,,,,,,,,,,,
Aquilegia,5,Raunculales,Ranunculaceae,,herb,yes,,,,,,,,,,,,,,,,,,
Wisteria,5,,,,,,,,,,,,,,,,,,,,,,,
Verbena,5,,,,,,,,,,,,,,,,,,,,,,,
Senecio sylvaticus,5,,,,,,,,,,,,,,,,,,,,,,,
Sambucus racemosa,5,,,,,,,,,,,,,,,,,,,,,,,
Rumex acetosella,5,,,,,,,,,,,,,,,,,,,,,,,
Plantago lanceolata,5,,,,,,,,,,,,,,,,,,,,,,,
Ligustrum,5,,,,,,,,,,,,,,,,,,,,,,,
Lapsana communis,5,,,,,,,,,,,,,,,,,,,,,,,
Lamium purpureum (invasive),5,,,,,,,,,,,,,,,,,,,,,,,
Galeopsis tetrahit,5,,,,,,,,,,,,,,,,,,,,,,,
Echinops,5,,,,,,,,,,,,,,,,,,,,,,,
Coreopsis,5,,,,,,,,,,,,,,,,,,,,,,,
Buddleja spp.,5,,,,,,,,,,,,,,,,,,,,,,,
Buddleja davidii,5,,,,,,,,,,,,,,,,,,,,,,,
Iris,4,Asparagales,Iridaceae,native,herb,yes,,,,,,radial,,,,,,,,,,,,
Campanula rotundifolia,4,Asterales,Campanulaceae,,herb,no,blue,raceme,purple,B,0,radial,low,,15-35,25,l,,,,p,,animal,
Myosotis discolor,4,Boraginales,Boraginaceae,,herb,no,,,,,,,,,,,,,,,,,,
Lepidium densiflorum,4,Brassicales,Brassicaceae,,herb,no,,,,,,radial,,,,,,,,,,,,
Cardamine sp.,4,Brassicales,Brassicaceae,,herb,no,,,,,,,,,,,,,,,,,,
Cardamine penduliflora,4,Brassicales,Brassicaceae,,herb,no,,raceme,white,,,radial,low,,,,,,,,,,,
Polygonum sp.,4,Caryophyllales,Polygonaceae,varies,herb,no,varies,varies,,,,,,,,,,,,,,,,
Lotus sp.,4,Fabales,Fabaceae,,herb,yes,,,,,,bilateral,,,,,,,,,,,,
Fritillaria affinis,4,Liliales,Liliaceae,,herb,no,"Brownish-purple mottled with greenish-yellow, to yellowish-green mottled purple",solitary,purple,G,1,radial,low,5-Jan,40-80,60,p2,,,,p,,animal,info for F. affinis var. affinis
Viola adunca,4,Malpighiales,Violaceae,,herb,no,blue to deep violet,solitary,purple,B,0,bilateral,low,1,16-Aug,12,l,,,,p,,animal,flowersize: length includes spur 4-8 mm long; info for V. adunca var. adunca
Prunus laurocerasus,4,Rosales,Rosaceae,non-native,shrub,no,,,,,,radial,,,,,,,,,,,,
Scabiosa,4,,,,,,,,,,,,,,,,,,,,,,,
Rudbeckia fulgida,4,,,,,,,,,,,,,,,,,,,,,,,
Ribes garden sp.,4,,,,,,,,,,,,,,,,,,,,,,,
Pastinaca,4,,,,,,,,,,,,,,,,,,,,,,,
Ocimum basilicum,4,,,,,,,,,,,,,,,,,,,,,,,
Nasturtium,4,,,,,,,,,,,,,,,,,,,,,,,
Lactuca muralis,4,,,,,,,,,,,,,,,,,,,,,,,
Iberis,4,,,,,,,,,,,,,,,,,,,,,,,
Heuchera,4,,,,,,,,,,,,,,,,,,,,,,,
Eryngium,4,,,,,,,,,,,,,,,,,,,,,,,
Dicentra,4,,,,,,,,,,,,,,,,,,,,,,,
Coriandrum sativa,4,,,,,,,,,,,,,,,,,,,,,,,
Cleome serrulata,4,,,,,,,,,,,,,,,,,,,,,,,
Arctica lappa,4,,,,,,,,,,,,,,,,,,,,,,,
Alyssum,4,,,,,,,,,,,,,,,,,,,,,,,
Ajuga,4,,,,,,,,,,,,,,,,,,,,,,,
Sanicula graveolens,3,Apiales,Apiaceae,native,herb,no,light yellowish,umbel,yellow,Y,0,radial,high,,,,,,,,p,,animal,
Lomatium geyeri,3,Apiales,Apiaceae,native,herb,no,,umbel,,,,radial,,,,,,,,,,,,
Daucus carota,3,Apiales,Apiaceae,non-native,herb,no,white,umbel,,,,,,,,,,,,,,,,
Cerastium (garden),3,Brassicales,Brassicaceae,,herb,no,,,,,,,,,,,,,,,,,,
Cardamine nuttallii,3,Brassicales,Brassicaceae,,herb,no,pink to reddish or purplish,,,P,0,radial,,,14-24,19,p2,,,,p,,animal,
Vaccinium,3,Ericales,Ericaceae,,shrub,yes,,,,,,,,,,,,,,,,,,
Lathyrus nevadensis,3,Fabales,Fabaceae,,herb,yes,,,,,,bilateral,,,,,,,,,,,,
Viola praemorsa,3,Malpighiales,Violaceae,,herb,no,yellow,solitary,yellow,Y,0,bilateral,low,1,20-Dec,16,l,,,,p,,animal,flowersize: length includes spur 1-2 mm long; info for V. praemorsa ssp. Praemorsa
Aquilegia formosa,3,Raunculales,Ranunculaceae,,herb,yes,"spurs red, blades yellow",solitary,pink,r,1,radial,low,,30-50,40,d,,,,p,,animal,info for A. formosa ssp. Formosa; Flowersize: spur length = 13-21 mm long
Prunus lusitanica,3,Rosales,Rosaceae,non-native,shrub,no,,,,,,radial,,,,,,,,,,,,
Vinca,3,,,,,,,,,,,,,,,,,,,,,,,
Tolmiea menziesii,3,,,,,,,,,,,,,,,,,,,,,,,
Sempervivum,3,,,,,,,,,,,,,,,,,,,,,,,
Rhamnus purshiana,3,,,,,,,,,,,,,,,,,,,,,,,
Pulmonaria,3,,,,,,,,,,,,,,,,,,,,,,,
Oenothera pallida,3,,,,,,,,,,,,,,,,,,,,,,,
Miscellaneous white flower,3,,,,,,,,,,,,,,,,,,,,,,,
Lythrum,3,,,,,,,,,,,,,,,,,,,,,,,
Lobularia maritima,3,,,,,,,,,,,,,,,,,,,,,,,
Lamium,3,,,,,,,,,,,,,,,,,,,,,,,
Ilex,3,,,,,,,,,,,,,,,,,,,,,,,
Helianthus,3,,,,,,,,,,,,,,,,,,,,,,,
Helenium,3,,,,,,,,,,,,,,,,,,,,,,,
Gaillardia,3,,,,,,,,,,,,,,,,,,,,,,,
Fritillaria pudica,3,,,,,,,,,,,,,,,,,,,,,,,
Epilobium minutum,3,,,,,,,,,,,,,,,,,,,,,,,
Echinacea,3,,,,,,,,,,,,,,,,,,,,,,,
Dianthus,3,,,,,,,,,,,,,,,,,,,,,,,
Cosmos,3,,,,,,,,,,,,,,,,,,,,,,,
Aurinia,3,,,,,,,,,,,,,,,,,,,,,,,
Sisymbrium officinale,2,Brassicales,Brassicaceae,non-native,herb,no,yellow,raceme,,,,radial,,,,,,,,,,,,
Vicia gigantea,2,Fabales,Fabaceae,,herb,yes,,,,,,,,,,,,,,,,,,
Allium sp.,2,Liliales,Liliaceae,,herb,no,,,,,,,,,,,,,,,,,,
Allium christophii,2,Liliales,Liliaceae,,herb,no,,,,,,,,,,,,,,,,,,
Achlys triphylla,2,Raunculales,Berberidaceae,native,herb,no,white,spike,,,,,,,,,,,,,,,,
Prunus emarginata,2,Rosales,Rosaceae,native,shrub,no,,,,,,radial,,,,,,,,,,,,
Crataegus,2,Rosales,Rosaceae,native,shrub,no,white,raceme,,,,,,,,,,,,,,,,
Cotoneaster salicifolius,2,Rosales,Rosaceae,non-native,shrub,no,white,corymbs,,,,,,,,,,,,,,,,
Viburnum trilobum,2,,,,,,,,,,,,,,,,,,,,,,,
Trientalis latifolia,2,,,,,,,,,,,,,,,,,,,,,,,
Tellima grandiflora,2,,,,,,,,,,,,,,,,,,,,,,,
Spergularia rubra,2,,,,,,,,,,,,,,,,,,,,,,,
Sonchus oleraceus,2,,,,,,,,,,,,,,,,,,,,,,,
Smilacina stellata,2,,,,,,,,,,,,,,,,,,,,,,,
Sanguisorba,2,,,,,,,,,,,,,,,,,,,,,,,
Rhodanthemum,2,,,,,,,,,,,,,,,,,,,,,,,
Phygelius,2,,,,,,,,,,,,,,,,,,,,,,,
Pelargonium,2,,,,,,,,,,,,,,,,,,,,,,,
Ornithogalum sp.,2,,,,,,,,,,,,,,,,,,,,,,,
Lychnis coronaria,2,,,,,,,,,,,,,,,,,,,,,,,
Lonicera ciliosa,2,,,,,,,,,,,,,,,,,,,,,,,
Lilium,2,,,,,,,,,,,,,,,,,,,,,,,
Hieracium aurantiacum,2,,,,,,,,,,,,,,,,,,,,,,,
Hieracium albiflorum,2,,,,,,,,,,,,,,,,,,,,,,,
Hibiscus,2,,,,,,,,,,,,,,,,,,,,,,,
Hemerocallis,2,,,,,,,,,,,,,,,,,,,,,,,
Euphorbia,2,,,,,,,,,,,,,,,,,,,,,,,
Elaeagnus multiflora,2,,,,,,,,,,,,,,,,,,,,,,,
Daphne (invasive),2,,,,,,,,,,,,,,,,,,,,,,,
Coronilla varia,2,,,,,,,,,,,,,,,,,,,,,,,
Clarkia unguiculata,2,,,,,,,,,,,,,,,,,,,,,,,
Clarkia amoena,2,,,,,,,,,,,,,,,,,,,,,,,
Cistus,2,,,,,,,,,,,,,,,,,,,,,,,
Cerinthe major,2,,,,,,,,,,,,,,,,,,,,,,,
Armeria,2,,,,,,,,,,,,,,,,,,,,,,,
Aegopodium,2,,,,,,,,,,,,,,,,,,,,,,,
Agoseris aurantiaca,1,Asterales,Asteraceae,,herb,no,,,,,,,,,,,,,,,,,,
Campanula scouleri,1,Asterales,Campanulaceae,,herb,,blue to whitish,,,B,0,radial,,,,13,l,,,,p,,animal,
Phacelia campanularia,1,Boraginales,Boraginaceae,,herb,no,,,,,,,,,,,,,,,,,,
Trifolium rubens,1,Fabales,Fabaceae,,herb,yes,,,,,,,,,,,,,,,,,,
Trifolium wormskjoldii,1,Fabales,Fabaceae,,herb,yes,,,,,,,,,,,,,,,,,,
Vicia sp.,1,Fabales,Fabaceae,,herb,yes,,,,,,,,,,,,,,,,,,
Viola,1,Malpighiales,Violaceae,,herb,no,,,,,,,,,,,,,,,,,,
Rosa (garden),1,Rosales,Rosaceae,,,,,,,,,radial,,,,,,,,,,,,
Astilbe,1,,,,,,,,,,,,,,,,,,,,,,,
Astrantia,1,,,,,,,,,,,,,,,,,,,,,,,
Berberis,1,,,,,,,,,,,,,,,,,,,,,,,
Brassica - white,1,,,,,,,,,,,,,,,,,,,,,,,
Chaenomeles,1,,,,,,,,,,,,,,,,,,,,,,,
Claytonia siberica,1,,,,,,,,,,,,,,,,,,,,,,,
Convallaria majalis,1,,,,,,,,,,,,,,,,,,,,,,,
Cornus,1,,,,,,,,,,,,,,,,,,,,,,,
Crocosmia,1,,,,,,,,,,,,,,,,,,,,,,,
Cucurbita,1,,,,,,,,,,,,,,,,,,,,,,,
Cymbalaria muralis,1,,,,,,,,,,,,,,,,,,,,,,,
Cynara,1,,,,,,,,,,,,,,,,,,,,,,,
Delosperma,1,,,,,,,,,,,,,,,,,,,,,,,
Diascia,1,,,,,,,,,,,,,,,,,,,,,,,
Enkianthus,1,,,,,,,,,,,,,,,,,,,,,,,
Filipendula,1,,,,,,,,,,,,,,,,,,,,,,,
Fremontodendron,1,,,,,,,,,,,,,,,,,,,,,,,
Fritillaria lanceolata,1,,,,,,,,,,,,,,,,,,,,,,,
Galium aparine,1,,,,,,,,,,,,,,,,,,,,,,,
Gaura,1,,,,,,,,,,,,,,,,,,,,,,,
Geranium bicknellii,1,,,,,,,,,,,,,,,,,,,,,,,
Geum,1,,,,,,,,,,,,,,,,,,,,,,,
Grass sp.,1,,,,,,,,,,,,,,,,,,,,,,,
Helichrysum,1,,,,,,,,,,,,,,,,,,,,,,,
Heliotrope,1,,,,,,,,,,,,,,,,,,,,,,,
Impatiens parviflora,1,,,,,,,,,,,,,,,,,,,,,,,
Knautia,1,,,,,,,,,,,,,,,,,,,,,,,
Lilium columbianum,1,,,,,,,,,,,,,,,,,,,,,,,
Limnanthes,1,,,,,,,,,,,,,,,,,,,,,,,
Lonicera,1,,,,,,,,,,,,,,,,,,,,,,,
Lonicera hispidula,1,,,,,,,,,,,,,,,,,,,,,,,
Lysimachia ciliata,1,,,,,,,,,,,,,,,,,,,,,,,
Lysimachia clethroides,1,,,,,,,,,,,,,,,,,,,,,,,
Lythrum salicaria,1,,,,,,,,,,,,,,,,,,,,,,,
Mate searching,1,,,,,,,,,,,,,,,,,,,,,,,
Matricaria discoidea,1,,,,,,,,,,,,,,,,,,,,,,,
Melissa officinalis,1,,,,,,,,,,,,,,,,,,,,,,,
Monarda,1,,,,,,,,,,,,,,,,,,,,,,,
Muscari,1,,,,,,,,,,,,,,,,,,,,,,,
Nemesia,1,,,,,,,,,,,,,,,,,,,,,,,
Nigella,1,,,,,,,,,,,,,,,,,,,,,,,
Oxalis,1,,,,,,,,,,,,,,,,,,,,,,,
Pachistima myrsinites,1,,,,,,,,,,,,,,,,,,,,,,,
Paeonia,1,,,,,,,,,,,,,,,,,,,,,,,
Papaver sp,1,,,,,,,,,,,,,,,,,,,,,,,
Petroselinum hortense,1,,,,,,,,,,,,,,,,,,,,,,,
Phlox,1,,,,,,,,,,,,,,,,,,,,,,,
Polygonatum odoratum,1,,,,,,,,,,,,,,,,,,,,,,,
Primula,1,,,,,,,,,,,,,,,,,,,,,,,
Rodgersia,1,,,,,,,,,,,,,,,,,,,,,,,
Satureja douglasii,1,,,,,,,,,,,,,,,,,,,,,,,
Skimmia,1,,,,,,,,,,,,,,,,,,,,,,,
Smilacina racemosa,1,,,,,,,,,,,,,,,,,,,,,,,
Tradescanthia,1,,,,,,,,,,,,,,,,,,,,,,,
Ulex europaeus,1,,,,,,,,,,,,,,,,,,,,,,,
Vaccinium ovatum,1,,,,,,,,,,,,,,,,,,,,,,,
Valerianella locusta,1,,,,,,,,,,,,,,,,,,,,,,,